{
	"train_accuracy_records": [
		0.7843137383460999,
		0.843137264251709,
		0.8627451062202454,
		0.843137264251709,
		0.843137264251709
	],
	"train_loss_records": [
		0.4098881781101227,
		0.37361589074134827,
		0.3361576497554779,
		0.3720509111881256,
		0.3561992347240448
	],
	"validation_acuuracy_records": [
		0.717948717948718,
		0.7307692307692307,
		0.7307692307692307,
		0.7435897435897436,
		0.717948717948718
	],
	"validation_loss_records": [
		0.5580482482910156,
		0.5807540416717529,
		0.5612843036651611,
		0.5479394197463989,
		0.5652722120285034
	]
}