{
	"train_accuracy_records": [
		0.8032344579696655,
		0.8322663307189941,
		0.8231197595596313,
		0.8301630616188049
	],
	"train_loss_records": [
		1.8874861001968384,
		1.8622031211853027,
		1.8698924779891968,
		1.8626443147659302
	],
	"validation_acuuracy_records": [
		0.8061900256791459,
		0.8221381267738883,
		0.8221381267738883,
		0.8221381267738883
	],
	"validation_loss_records": [
		1.8872708082199097,
		1.8701707124710083,
		1.8708542585372925,
		1.869523048400879
	]
}