{
	"train_accuracy_records": [
		0.7647058963775635,
		0.8529412150382996
	],
	"train_loss_records": [
		0.5163319110870361,
		0.40829989314079285
	],
	"validation_acuuracy_records": [
		0.6538461538461539,
		0.6794871794871795
	],
	"validation_loss_records": [
		0.5794475078582764,
		0.5863574147224426
	]
}