{
	"train_accuracy_records": [
		0.8337156176567078,
		0.7694746255874634,
		0.6089285612106323,
		0.7067307829856873,
		0.6902984976768494,
		0.7483766078948975,
		0.7682291865348816,
		0.673828125,
		0.6575000286102295,
		0.7669117450714111,
		0.7432528138160706,
		0.5806818008422852,
		0.7510775923728943,
		0.7963541746139526,
		0.647090494632721,
		0.7119565010070801
	],
	"train_loss_records": [
		3.2958791255950928,
		3.143461227416992,
		3.1041312217712402,
		2.9235525131225586,
		2.833402156829834,
		2.6894924640655518,
		2.5639262199401855,
		2.619968891143799,
		2.579716444015503,
		2.314223527908325,
		2.288959264755249,
		2.5644609928131104,
		2.1527607440948486,
		2.00079607963562,
		2.297830581665039,
		2.112863302230835
	],
	"validation_acuuracy_records": [
		0.7152746915817261,
		0.7136109471321106,
		0.6997056603431702,
		0.7271435260772705,
		0.7168187499046326,
		0.717785656452179,
		0.7170429229736328,
		0.7210274338722229,
		0.7076946496963501,
		0.7168276906013489,
		0.713839590549469,
		0.7255080342292786,
		0.7176841497421265,
		0.7190536856651306,
		0.7136111259460449,
		0.7198665738105774
	],
	"validation_loss_records": [
		3.3334929943084717,
		3.160600185394287,
		3.0394606590270996,
		2.9071571826934814,
		2.8036088943481445,
		2.716575860977173,
		2.6369004249572754,
		2.546330690383911,
		2.4927260875701904,
		2.4036576747894287,
		2.345818042755127,
		2.2596917152404785,
		2.222353935241699,
		2.1729302406311035,
		2.1444287300109863,
		2.0939152240753174
	]
}