{
	"train_accuracy_records": [
		0.8347826600074768,
		0.8356545567512512,
		0.8395721912384033,
		0.8445595502853394,
		0.8166189193725586,
		0.8483290672302246,
		0.8271954655647278,
		0.849056601524353,
		0.8549222350120544,
		0.8382748961448669,
		0.8426666855812073,
		0.8172042965888977,
		0.8179190754890442,
		0.8435754179954529,
		0.8351954817771912,
		0.8459383845329285,
		0.8579234480857849,
		0.848901093006134,
		0.8328445553779602,
		0.8333333730697632,
		0.8257372975349426,
		0.8384401202201843,
		0.8151260614395142,
		0.820588231086731,
		0.8453038930892944,
		0.8299711346626282,
		0.8352600932121277,
		0.8260869979858398,
		0.8356545567512512,
		0.8426666855812073,
		0.8402203917503357,
		0.834645688533783,
		0.8418079018592834,
		0.84375,
		0.8388746976852417,
		0.8413978219032288,
		0.8414985537528992,
		0.8468207716941833,
		0.8402203917503357,
		0.8433420658111572,
		0.8504672646522522,
		0.8301886320114136,
		0.8560000061988831,
		0.8292011022567749,
		0.8425414562225342,
		0.8328767418861389,
		0.8251366019248962,
		0.8365122675895691,
		0.8305084705352783,
		0.8272980451583862,
		0.8158640265464783,
		0.8160919547080994,
		0.820588231086731,
		0.860349178314209,
		0.8338027596473694,
		0.8489583730697632,
		0.8264462947845459,
		0.8276836276054382,
		0.8328767418861389,
		0.84375,
		0.8394365906715393,
		0.8439153432846069,
		0.8257142901420593,
		0.8518518209457397,
		0.8505434989929199,
		0.8453038930892944,
		0.8671875,
		0.8179271817207336,
		0.8449612855911255,
		0.8338027596473694,
		0.8371501564979553,
		0.8597883582115173,
		0.8219178318977356,
		0.8319088220596313,
		0.8444444537162781,
		0.8439153432846069,
		0.8286516666412354,
		0.8391813039779663,
		0.8311346173286438,
		0.8471850156784058,
		0.8551532030105591,
		0.8591549396514893
	],
	"train_loss_records": [
		1.8543312549591064,
		1.8534382581710815,
		1.8495205640792847,
		1.8445309400558472,
		1.8724714517593384,
		1.8411145210266113,
		1.8618955612182617,
		1.8401026725769043,
		1.834168791770935,
		1.8508152961730957,
		1.8464229106903076,
		1.871885895729065,
		1.8711706399917603,
		1.8455148935317993,
		1.8538949489593506,
		1.8431519269943237,
		1.8311835527420044,
		1.8401896953582764,
		1.856245517730713,
		1.8557639122009277,
		1.8633272647857666,
		1.8506516218185425,
		1.873965859413147,
		1.868501901626587,
		1.8438489437103271,
		1.8591197729110718,
		1.853830099105835,
		1.8630043268203735,
		1.8534399271011353,
		1.846423864364624,
		1.8488707542419434,
		1.854445219039917,
		1.8472834825515747,
		1.8453402519226074,
		1.850217342376709,
		1.8476942777633667,
		1.8475964069366455,
		1.8422718048095703,
		1.8488719463348389,
		1.8457531929016113,
		1.8386238813400269,
		1.8588393926620483,
		1.8330919742584229,
		1.859889030456543,
		1.8465518951416016,
		1.856214165687561,
		1.8639546632766724,
		1.8525787591934204,
		1.8585816621780396,
		1.8618112802505493,
		1.8732184171676636,
		1.8730019330978394,
		1.8685029745101929,
		1.828743577003479,
		1.8552852869033813,
		1.8401128053665161,
		1.8626630306243896,
		1.8614064455032349,
		1.856223702430725,
		1.8453408479690552,
		1.8496575355529785,
		1.8451764583587646,
		1.8633723258972168,
		1.837239146232605,
		1.8385504484176636,
		1.8437886238098145,
		1.8219062089920044,
		1.8711634874343872,
		1.8441479206085205,
		1.8552860021591187,
		1.8519442081451416,
		1.8293038606643677,
		1.8671730756759644,
		1.8571817874908447,
		1.8446471691131592,
		1.8451765775680542,
		1.8604393005371094,
		1.849909782409668,
		1.8579646348953247,
		1.8419110774993896,
		1.833937406539917,
		1.8299373388290405
	],
	"validation_acuuracy_records": [
		0.8288977742195129,
		0.8284251689910889,
		0.8262197971343994,
		0.8288544416427612,
		0.8289174437522888,
		0.8112936615943909,
		0.8264674544334412,
		0.8263590931892395,
		0.8289673924446106,
		0.8288613557815552,
		0.8289751410484314,
		0.8289334774017334,
		0.8291488885879517,
		0.8288524150848389,
		0.8288952708244324,
		0.8289222717285156,
		0.8290061354637146,
		0.8286960124969482,
		0.8290676474571228,
		0.8289726972579956,
		0.8291634321212769,
		0.8289962410926819,
		0.8289263844490051,
		0.8289841413497925,
		0.8289874792098999,
		0.8287171125411987,
		0.8291571140289307,
		0.8289755582809448,
		0.8290762305259705,
		0.8290464878082275,
		0.8290717601776123,
		0.8291721940040588,
		0.8289021253585815,
		0.8289839625358582,
		0.8291152715682983,
		0.8289524912834167,
		0.8291627168655396,
		0.8289364576339722,
		0.8289596438407898,
		0.828989565372467,
		0.8288466930389404,
		0.8291257619857788,
		0.8291111588478088,
		0.8291176557540894,
		0.8291227221488953,
		0.8290356993675232,
		0.8287348747253418,
		0.8244885206222534,
		0.8244773149490356,
		0.82427978515625,
		0.8245046138763428,
		0.8299318552017212,
		0.830036461353302,
		0.8300428986549377,
		0.8300966620445251,
		0.8299651741981506,
		0.8290860652923584,
		0.82906174659729,
		0.8288455009460449,
		0.829014241695404,
		0.8290269374847412,
		0.8290022015571594,
		0.828960120677948,
		0.8288024663925171,
		0.82917320728302,
		0.8289250731468201,
		0.8291594982147217,
		0.8289121985435486,
		0.8290084600448608,
		0.8289856314659119,
		0.8289880752563477,
		0.8289360404014587,
		0.8290051817893982,
		0.8289670944213867,
		0.8289126753807068,
		0.8291272521018982,
		0.8291098475456238,
		0.828927218914032,
		0.8290706276893616,
		0.8289827704429626,
		0.8287680745124817,
		0.8288294672966003
	],
	"validation_loss_records": [
		1.86020028591156,
		1.8606648445129395,
		1.862870454788208,
		1.8602352142333984,
		1.8601722717285156,
		1.8770852088928223,
		1.8626220226287842,
		1.8627307415008545,
		1.8601223230361938,
		1.860228180885315,
		1.860114336013794,
		1.8601562976837158,
		1.859940767288208,
		1.8602371215820312,
		1.860194444656372,
		1.860167384147644,
		1.8600835800170898,
		1.8603936433792114,
		1.8600220680236816,
		1.8601176738739014,
		1.8599262237548828,
		1.8600934743881226,
		1.8601633310317993,
		1.8601055145263672,
		1.8601139783859253,
		1.8603726625442505,
		1.8599326610565186,
		1.8601140975952148,
		1.8600133657455444,
		1.8600432872772217,
		1.860018014907837,
		1.8599175214767456,
		1.8601874113082886,
		1.8601057529449463,
		1.8599743843078613,
		1.8601372241973877,
		1.8599268198013306,
		1.860153079032898,
		1.860129952430725,
		1.8601001501083374,
		1.8602429628372192,
		1.85996413230896,
		1.8599786758422852,
		1.8599718809127808,
		1.8599668741226196,
		1.8600542545318604,
		1.8603547811508179,
		1.8646011352539062,
		1.8646124601364136,
		1.8648109436035156,
		1.8645859956741333,
		1.859157919883728,
		1.859053373336792,
		1.8590465784072876,
		1.8589929342269897,
		1.8591245412826538,
		1.8600034713745117,
		1.8600287437438965,
		1.8602442741394043,
		1.8600753545761108,
		1.8600627183914185,
		1.860087275505066,
		1.8601293563842773,
		1.8602873086929321,
		1.8599164485931396,
		1.8601644039154053,
		1.859930157661438,
		1.8601772785186768,
		1.8600822687149048,
		1.8601040840148926,
		1.8601014614105225,
		1.8601536750793457,
		1.8600846529006958,
		1.860122561454773,
		1.860176920890808,
		1.8599624633789062,
		1.8599801063537598,
		1.860162615776062,
		1.8600201606750488,
		1.860107660293579,
		1.86032235622406,
		1.8602604866027832
	]
}