{
	"train_accuracy_records": [
		0.6764706373214722,
		0.7450980544090271,
		0.7941176891326904,
		0.7843137383460999,
		0.7843137383460999,
		0.8039215803146362,
		0.7647058963775635
	],
	"train_loss_records": [
		0.6097408533096313,
		0.5124234557151794,
		0.46997103095054626,
		0.41613778471946716,
		0.4842650890350342,
		0.44160011410713196,
		0.49544355273246765
	],
	"validation_acuuracy_records": [
		0.6666666666666666,
		0.6538461538461539,
		0.6410256410256411,
		0.6538461538461539,
		0.6410256410256411,
		0.6666666666666666,
		0.6410256410256411
	],
	"validation_loss_records": [
		0.5807173252105713,
		0.5777575969696045,
		0.566285252571106,
		0.5732215642929077,
		0.5932644605636597,
		0.5625243782997131,
		0.5688818097114563
	]
}