{
	"train_accuracy_records": [
		0.774509847164154,
		0.7941176891326904,
		0.8725490570068359,
		0.8921568989753723,
		0.8823529481887817,
		0.8333333730697632,
		0.8823529481887817
	],
	"train_loss_records": [
		0.4760427176952362,
		0.429410845041275,
		0.3467314541339874,
		0.28714466094970703,
		0.26934924721717834,
		0.3707592785358429,
		0.3366737365722656
	],
	"validation_acuuracy_records": [
		0.7307692307692307,
		0.6923076923076923,
		0.717948717948718,
		0.717948717948718,
		0.717948717948718,
		0.7435897435897436,
		0.7051282051282052
	],
	"validation_loss_records": [
		0.5802976489067078,
		0.6036785244941711,
		0.6064242720603943,
		0.5982478260993958,
		0.5483933687210083,
		0.5963228344917297,
		0.6003673076629639
	]
}