{
	"train_accuracy_records": [
		0.7479838728904724,
		0.6376007795333862,
		0.7450457215309143,
		0.7087862491607666,
		0.757472813129425,
		0.642307698726654,
		0.6583333611488342,
		0.7580000162124634,
		0.6663135886192322,
		0.7399839758872986,
		0.671875,
		0.7628012299537659,
		0.6545454263687134,
		0.7929258346557617,
		0.7348345518112183,
		0.6552083492279053
	],
	"train_loss_records": [
		3.39888334274292,
		3.258151054382324,
		3.079216957092285,
		2.9774930477142334,
		2.8242697715759277,
		2.852785348892212,
		2.762206792831421,
		2.539153575897217,
		2.6003940105438232,
		2.4094250202178955,
		2.469571113586426,
		2.243732213973999,
		2.4078304767608643,
		2.0747768878936768,
		2.150125741958618,
		2.2999160289764404
	],
	"validation_acuuracy_records": [
		0.7418163418769836,
		0.7196553945541382,
		0.7182891368865967,
		0.7251731753349304,
		0.7190789580345154,
		0.7175547480583191,
		0.7213121056556702,
		0.7217001914978027,
		0.7211166620254517,
		0.7182783484458923,
		0.7149776816368103,
		0.7309444546699524,
		0.7321430444717407,
		0.7223356366157532,
		0.7337306141853333,
		0.7290648221969604
	],
	"validation_loss_records": [
		3.395543336868286,
		3.2241129875183105,
		3.0870587825775146,
		2.962719678878784,
		2.8557207584381104,
		2.7653393745422363,
		2.672980785369873,
		2.5874853134155273,
		2.511904239654541,
		2.44400691986084,
		2.390009641647339,
		2.3060712814331055,
		2.2513535022735596,
		2.222757339477539,
		2.1541543006896973,
		2.130948543548584
	]
}