{
	"train_accuracy_records": [
		0.656862735748291,
		0.7156862616539001,
		0.6372548937797546,
		0.6764705777168274,
		0.6078431010246277
	],
	"train_loss_records": [
		34.31372833251953,
		28.431373596191406,
		36.27450942993164,
		32.352943420410156,
		39.2156867980957
	],
	"validation_acuuracy_records": [
		0.6410256624221802,
		0.6410256624221802,
		0.6410256624221802,
		0.6410256624221802,
		0.6410256624221802
	],
	"validation_loss_records": [
		35.897438049316406,
		35.897438049316406,
		35.897438049316406,
		35.897438049316406,
		35.897438049316406
	]
}