{
	"train_accuracy_records": [
		0.7058823704719543,
		0.7549020051956177,
		0.7549020051956177,
		0.7941176891326904,
		0.8039215803146362,
		0.8725490570068359,
		0.7254902124404907
	],
	"train_loss_records": [
		0.6514971256256104,
		0.5924748182296753,
		0.5328922271728516,
		0.49693921208381653,
		0.5251335501670837,
		0.349008172750473,
		0.4848019778728485
	],
	"validation_acuuracy_records": [
		0.7051282051282052,
		0.6923076923076923,
		0.6538461538461539,
		0.7307692307692307,
		0.6794871794871795,
		0.717948717948718,
		0.717948717948718
	],
	"validation_loss_records": [
		0.5953629612922668,
		0.5619366765022278,
		0.5689798593521118,
		0.5407945513725281,
		0.5368130803108215,
		0.5342386364936829,
		0.5285691618919373
	]
}