{
	"train_accuracy_records": [
		0.5277008414268494,
		0.7368420958518982,
		0.684210479259491,
		0.5789473652839661,
		0.763157844543457,
		0.5,
		0.5789473652839661,
		0.684210479259491,
		0.7368420958518982,
		0.7894736528396606,
		0.6578947305679321,
		0.684210479259491,
		0.6052631139755249,
		0.6052631139755249,
		0.6578947305679321,
		0.6578947305679321,
		0.6578947305679321,
		0.6578947305679321,
		0.684210479259491,
		0.6315789222717285,
		0.6315789222717285,
		0.7105262875556946,
		0.6578947305679321,
		0.6578947305679321,
		0.684210479259491
	],
	"train_loss_records": [
		57.894737243652344,
		26.3157901763916,
		31.578947067260742,
		42.105262756347656,
		23.6842098236084,
		50.0,
		42.105262756347656,
		31.578947067260742,
		26.3157901763916,
		21.052631378173828,
		34.21052551269531,
		31.578947067260742,
		39.47368621826172,
		39.47368621826172,
		34.21052551269531,
		34.21052551269531,
		34.21052551269531,
		34.21052551269531,
		31.578947067260742,
		36.842105865478516,
		36.842105865478516,
		28.947368621826172,
		34.21052551269531,
		34.21052551269531,
		31.578947067260742
	],
	"validation_acuuracy_records": [
		0.5082417726516724,
		0.5641025900840759,
		0.5641025900840759,
		0.5641025900840759,
		0.5641025900840759,
		0.5641025900840759,
		0.5641025900840759,
		0.5641025900840759,
		0.5641025900840759,
		0.5641025900840759,
		0.5641025900840759,
		0.5641025900840759,
		0.5641025900840759,
		0.5641025900840759,
		0.5641025900840759,
		0.5641025900840759,
		0.5641025900840759,
		0.5641025900840759,
		0.5641025900840759,
		0.5641025900840759,
		0.5641025900840759,
		0.5641025900840759,
		0.5641025900840759,
		0.5641025900840759,
		0.5641025900840759
	],
	"validation_loss_records": [
		53.846153259277344,
		43.589744567871094,
		43.589744567871094,
		43.589744567871094,
		43.589744567871094,
		43.589744567871094,
		43.589744567871094,
		43.589744567871094,
		43.589744567871094,
		43.589744567871094,
		43.589744567871094,
		43.589744567871094,
		43.589744567871094,
		43.589744567871094,
		43.589744567871094,
		43.589744567871094,
		43.589744567871094,
		43.589744567871094,
		43.589744567871094,
		43.589744567871094,
		43.589744567871094,
		43.589744567871094,
		43.589744567871094,
		43.589744567871094,
		43.589744567871094
	]
}