{
	"train_accuracy_records": [
		0.3013503849506378,
		0.48148149251937866,
		0.608178436756134,
		0.6112132668495178,
		0.6990291476249695,
		0.687999963760376,
		0.7058823704719543,
		0.7151411771774292,
		0.7575757503509521,
		0.7253731489181519,
		0.7438356280326843,
		0.7573577165603638,
		0.7327766418457031,
		0.7340267300605774,
		0.7561361789703369,
		0.722905695438385,
		0.752598762512207,
		0.7501523494720459,
		0.784166693687439,
		0.7771387696266174,
		0.7299270033836365,
		0.751507043838501,
		0.75,
		0.7652106285095215,
		0.7529850602149963,
		0.7745223045349121,
		0.7655826807022095,
		0.7545839548110962,
		0.7509387135505676,
		0.7511138916015625,
		0.7703313231468201,
		0.7657961249351501,
		0.7574007511138916,
		0.7646622061729431,
		0.754686176776886,
		0.7637655735015869,
		0.7632508873939514,
		0.7834710478782654,
		0.7985888719558716,
		0.7875272035598755,
		0.7692307829856873,
		0.777862012386322,
		0.7409200668334961,
		0.7862319350242615,
		0.7824609279632568,
		0.7712634205818176,
		0.7762478590011597,
		0.7588357329368591,
		0.7640733122825623,
		0.7684391140937805,
		0.7725752592086792,
		0.7825494408607483,
		0.778453528881073,
		0.7722033858299255,
		0.7536349296569824,
		0.7734241485595703,
		0.7928118109703064,
		0.7763975262641907,
		0.7800148725509644,
		0.7653149366378784,
		0.7458223104476929,
		0.7807360887527466,
		0.7765017747879028,
		0.7812688946723938,
		0.767123281955719,
		0.7584649920463562,
		0.7783083319664001,
		0.7944929599761963,
		0.7699928879737854,
		0.7870855331420898,
		0.7734572887420654,
		0.7918468117713928,
		0.7852178812026978,
		0.7723636031150818,
		0.7885926961898804,
		0.7687861323356628,
		0.7614770531654358,
		0.7891284227371216,
		0.7837058305740356,
		0.7750000357627869,
		0.7870579361915588,
		0.7658863067626953
	],
	"train_loss_records": [
		3.4032130241394043,
		3.2243194580078125,
		3.0982751846313477,
		3.0947444438934326,
		3.007835865020752,
		3.01877760887146,
		3.0008726119995117,
		2.9916679859161377,
		2.9489758014678955,
		2.980992555618286,
		2.9626405239105225,
		2.9489846229553223,
		2.9737448692321777,
		2.972527503967285,
		2.9499311447143555,
		2.983774185180664,
		2.954420566558838,
		2.9564037322998047,
		2.9221694469451904,
		2.9297916889190674,
		2.976997137069702,
		2.954909324645996,
		2.9564852714538574,
		2.9418442249298096,
		2.9538135528564453,
		2.932133913040161,
		2.941073417663574,
		2.9523699283599854,
		2.9557225704193115,
		2.9557228088378906,
		2.9363346099853516,
		2.9407806396484375,
		2.949256420135498,
		2.941662073135376,
		2.952066659927368,
		2.942894458770752,
		2.9434053897857666,
		2.923187017440796,
		2.9079368114471436,
		2.9192357063293457,
		2.9374468326568604,
		2.9287962913513184,
		2.9657342433929443,
		2.9204413890838623,
		2.924205780029297,
		2.9353699684143066,
		2.930370807647705,
		2.9478187561035156,
		2.942594289779663,
		2.9382309913635254,
		2.9340803623199463,
		2.9240851402282715,
		2.9282069206237793,
		2.934458017349243,
		2.9530112743377686,
		2.9334559440612793,
		2.913848876953125,
		2.9302682876586914,
		2.926633358001709,
		2.9413530826568604,
		2.9608473777770996,
		2.9259297847747803,
		2.930150032043457,
		2.925365924835205,
		2.939545154571533,
		2.9481990337371826,
		2.9283642768859863,
		2.91217041015625,
		2.9366533756256104,
		2.919591188430786,
		2.933210611343384,
		2.9148218631744385,
		2.92143177986145,
		2.934305429458618,
		2.918067216873169,
		2.9378726482391357,
		2.9451792240142822,
		2.917865753173828,
		2.922970771789551,
		2.9316654205322266,
		2.91961932182312,
		2.940758228302002
	],
	"validation_acuuracy_records": [
		0.28691020607948303,
		0.461440771818161,
		0.5939804315567017,
		0.6546066403388977,
		0.7244207859039307,
		0.7393782734870911,
		0.7410682439804077,
		0.7416554093360901,
		0.7381877303123474,
		0.7386886477470398,
		0.7432829737663269,
		0.7390369772911072,
		0.7515020966529846,
		0.7497674226760864,
		0.7540226578712463,
		0.7527267336845398,
		0.7554830312728882,
		0.7536664605140686,
		0.7544605731964111,
		0.7554596066474915,
		0.7555436491966248,
		0.7574793696403503,
		0.767198383808136,
		0.7678402662277222,
		0.7673056721687317,
		0.767553985118866,
		0.7687385678291321,
		0.7685399651527405,
		0.7687106132507324,
		0.7686040997505188,
		0.7697245478630066,
		0.7693400979042053,
		0.7710316181182861,
		0.7736879587173462,
		0.7739644646644592,
		0.7732987403869629,
		0.7735656499862671,
		0.7734732031822205,
		0.7736993432044983,
		0.7737013697624207,
		0.7736499905586243,
		0.7742647528648376,
		0.7735610008239746,
		0.7731360793113708,
		0.7741498351097107,
		0.7741969227790833,
		0.7739997506141663,
		0.7734863758087158,
		0.77362060546875,
		0.7740018367767334,
		0.7744175791740417,
		0.7744297385215759,
		0.7742622494697571,
		0.7744035124778748,
		0.7748356461524963,
		0.7748589515686035,
		0.7751440405845642,
		0.7744805216789246,
		0.7747423052787781,
		0.773928165435791,
		0.774802565574646,
		0.7746179103851318,
		0.7739020586013794,
		0.7747864127159119,
		0.7744358777999878,
		0.774507999420166,
		0.7747208476066589,
		0.7753854393959045,
		0.7746856212615967,
		0.774932861328125,
		0.7744709253311157,
		0.7740952968597412,
		0.7749018669128418,
		0.7749163508415222,
		0.7743756175041199,
		0.7750905752182007,
		0.7751201391220093,
		0.7746354937553406,
		0.7744554877281189,
		0.7748486399650574,
		0.7746292948722839,
		0.7748196721076965
	],
	"validation_loss_records": [
		3.4176716804504395,
		3.2464022636413574,
		3.113487958908081,
		3.0527658462524414,
		2.982496500015259,
		2.9674150943756104,
		2.965580701828003,
		2.9650092124938965,
		2.9688374996185303,
		2.9680044651031494,
		2.9636011123657227,
		2.967646360397339,
		2.9551656246185303,
		2.9569811820983887,
		2.9526255130767822,
		2.9539549350738525,
		2.9511868953704834,
		2.953066825866699,
		2.9521899223327637,
		2.9511911869049072,
		2.951061725616455,
		2.949188232421875,
		2.939467191696167,
		2.9388277530670166,
		2.9393134117126465,
		2.9391095638275146,
		2.9379334449768066,
		2.9381284713745117,
		2.9379451274871826,
		2.938032388687134,
		2.9369356632232666,
		2.9373326301574707,
		2.935626745223999,
		2.93298077583313,
		2.932701349258423,
		2.933357000350952,
		2.9330759048461914,
		2.933189868927002,
		2.9329662322998047,
		2.9329779148101807,
		2.93302059173584,
		2.9323997497558594,
		2.9330949783325195,
		2.9335250854492188,
		2.9325060844421387,
		2.9324750900268555,
		2.9326705932617188,
		2.933185338973999,
		2.933046817779541,
		2.9326655864715576,
		2.932255983352661,
		2.932236909866333,
		2.932413101196289,
		2.9322426319122314,
		2.931819438934326,
		2.9318010807037354,
		2.9315378665924072,
		2.932177782058716,
		2.9319255352020264,
		2.9327378273010254,
		2.9318606853485107,
		2.932047128677368,
		2.932769536972046,
		2.931884288787842,
		2.9322402477264404,
		2.9321625232696533,
		2.931950092315674,
		2.9312853813171387,
		2.9319875240325928,
		2.9317409992218018,
		2.932201862335205,
		2.9325788021087646,
		2.9317679405212402,
		2.931755781173706,
		2.9322922229766846,
		2.9315807819366455,
		2.931536912918091,
		2.932030439376831,
		2.9322149753570557,
		2.9318172931671143,
		2.932025671005249,
		2.931838274002075
	]
}