{
	"train_accuracy_records": [
		0.8230563402175903,
		0.8134863972663879,
		0.8288919925689697,
		0.831944465637207,
		0.8381088972091675,
		0.828125,
		0.8340425491333008,
		0.8360214829444885,
		0.8376534581184387,
		0.8367071151733398,
		0.8386207222938538,
		0.8337950110435486,
		0.8366196751594543,
		0.8282122611999512,
		0.8379501104354858,
		0.8455284833908081,
		0.8409091234207153,
		0.8326693773269653,
		0.8450331091880798,
		0.8360655307769775,
		0.8347700834274292,
		0.840877890586853,
		0.8525896668434143,
		0.8141470551490784,
		0.8296398520469666,
		0.8251444697380066,
		0.839488685131073,
		0.8266850113868713,
		0.8319559097290039,
		0.8303448557853699,
		0.8366477489471436,
		0.8454301357269287,
		0.8312586545944214,
		0.8342618346214294,
		0.8370786309242249,
		0.8227665424346924,
		0.8328690528869629,
		0.8523935675621033,
		0.831428587436676,
		0.8394365906715393,
		0.8313252925872803,
		0.8267605304718018,
		0.8413978219032288,
		0.835509181022644,
		0.8408104181289673,
		0.8260869979858398,
		0.8369271755218506,
		0.8289655447006226,
		0.8232876658439636,
		0.839455783367157,
		0.8361344933509827,
		0.8307692408561707,
		0.8382559418678284,
		0.8252550959587097,
		0.8287293314933777,
		0.8372093439102173,
		0.834502100944519,
		0.8276353478431702,
		0.8342542052268982,
		0.8313252925872803,
		0.8267045617103577,
		0.8298465609550476,
		0.832647442817688,
		0.8245856761932373,
		0.8254189491271973,
		0.8378016352653503,
		0.8377254009246826,
		0.8388429880142212,
		0.82892906665802,
		0.8342618346214294,
		0.8150781989097595,
		0.8304172158241272,
		0.8237822651863098,
		0.8364153504371643,
		0.8328571319580078,
		0.8293371200561523,
		0.836338460445404,
		0.8421052694320679,
		0.8443842530250549,
		0.8458445072174072,
		0.8361344933509827,
		0.8485915064811707
	],
	"train_loss_records": [
		1.8682963848114014,
		1.875718116760254,
		1.8605624437332153,
		1.8572934865951538,
		1.8509896993637085,
		1.8610706329345703,
		1.8550699949264526,
		1.8531384468078613,
		1.8514875173568726,
		1.8523893356323242,
		1.8504629135131836,
		1.855306625366211,
		1.852461338043213,
		1.86089026927948,
		1.851153016090393,
		1.8436462879180908,
		1.8482266664505005,
		1.8565043210983276,
		1.844124436378479,
		1.853024959564209,
		1.854331135749817,
		1.8482158184051514,
		1.8364934921264648,
		1.8748633861541748,
		1.859462022781372,
		1.8639270067214966,
		1.8496123552322388,
		1.8623508214950562,
		1.8571373224258423,
		1.8587533235549927,
		1.8524647951126099,
		1.8436589241027832,
		1.857832670211792,
		1.8548295497894287,
		1.8520101308822632,
		1.8663263320922852,
		1.8562250137329102,
		1.836728572845459,
		1.8578147888183594,
		1.8496730327606201,
		1.857736349105835,
		1.8624593019485474,
		1.847686767578125,
		1.8536027669906616,
		1.8482677936553955,
		1.862959384918213,
		1.8521841764450073,
		1.8601207733154297,
		1.8658008575439453,
		1.8496671915054321,
		1.8529695272445679,
		1.8583059310913086,
		1.85081148147583,
		1.863777995109558,
		1.860366940498352,
		1.8518824577331543,
		1.8545938730239868,
		1.86146080493927,
		1.8548524379730225,
		1.85780668258667,
		1.8623982667922974,
		1.8592482805252075,
		1.856421709060669,
		1.86449134349823,
		1.863686203956604,
		1.8512639999389648,
		1.8513916730880737,
		1.8503445386886597,
		1.8601391315460205,
		1.8548583984375,
		1.8739904165267944,
		1.8586660623550415,
		1.8653085231781006,
		1.8526538610458374,
		1.8562389612197876,
		1.8597179651260376,
		1.8527872562408447,
		1.847010850906372,
		1.844702124595642,
		1.8432573080062866,
		1.8530006408691406,
		1.8405619859695435
	],
	"validation_acuuracy_records": [
		0.8292551034203055,
		0.8292551034203055,
		0.8292551034203055,
		0.8292551034203055,
		0.8292551034203055,
		0.8292551034203055,
		0.8292551034203055,
		0.8292551034203055,
		0.8292551034203055,
		0.8292551034203055,
		0.8292551034203055,
		0.8292551034203055,
		0.8292551034203055,
		0.8292551034203055,
		0.8292551034203055,
		0.8292551034203055,
		0.8292551034203055,
		0.8292551034203055,
		0.8292551034203055,
		0.8292551034203055,
		0.8292551034203055,
		0.8292551034203055,
		0.8292551034203055,
		0.8292551034203055,
		0.8292551034203055,
		0.8292551034203055,
		0.8292551034203055,
		0.8292551034203055,
		0.8292551034203055,
		0.8292551034203055,
		0.8292551034203055,
		0.8292551034203055,
		0.8292551034203055,
		0.8292551034203055,
		0.8292551034203055,
		0.8292551034203055,
		0.8292551034203055,
		0.8292551034203055,
		0.8292551034203055,
		0.8292551034203055,
		0.8292551034203055,
		0.8292551034203055,
		0.8292551034203055,
		0.8292551034203055,
		0.8292551034203055,
		0.8292551034203055,
		0.8292551034203055,
		0.8292551034203055,
		0.8292551034203055,
		0.8292551034203055,
		0.8292551034203055,
		0.8292551034203055,
		0.8292551034203055,
		0.8292551034203055,
		0.8292551034203055,
		0.8292551034203055,
		0.8292551034203055,
		0.8292551034203055,
		0.8292551034203055,
		0.8292551034203055,
		0.8292551034203055,
		0.8292551034203055,
		0.8292551034203055,
		0.8292551034203055,
		0.8292551034203055,
		0.8292551034203055,
		0.8292551034203055,
		0.8292551034203055,
		0.8292551034203055,
		0.8292551034203055,
		0.8292551034203055,
		0.8292551034203055,
		0.8292551034203055,
		0.8292551034203055,
		0.8292551034203055,
		0.8292551034203055,
		0.8292551034203055,
		0.8292551034203055,
		0.8292551034203055,
		0.8292551034203055,
		0.8292551034203055,
		0.8292551034203055
	],
	"validation_loss_records": [
		1.860889196395874,
		1.8601139783859253,
		1.8599165678024292,
		1.8599787950515747,
		1.8599693775177002,
		1.8599952459335327,
		1.8602224588394165,
		1.8598854541778564,
		1.8599506616592407,
		1.859922170639038,
		1.8599411249160767,
		1.8599152565002441,
		1.8599764108657837,
		1.8599777221679688,
		1.8599308729171753,
		1.8599029779434204,
		1.8600220680236816,
		1.8600494861602783,
		1.8599061965942383,
		1.859915852546692,
		1.8601094484329224,
		1.859965443611145,
		1.859876275062561,
		1.8598384857177734,
		1.8598912954330444,
		1.8599963188171387,
		1.8601917028427124,
		1.860024094581604,
		1.8599270582199097,
		1.8599773645401,
		1.859976053237915,
		1.8599989414215088,
		1.859907627105713,
		1.8599483966827393,
		1.8599578142166138,
		1.859889030456543,
		1.8599539995193481,
		1.8600833415985107,
		1.859947919845581,
		1.8599125146865845,
		1.8598729372024536,
		1.860111951828003,
		1.8599663972854614,
		1.8599838018417358,
		1.8601614236831665,
		1.8600878715515137,
		1.859817385673523,
		1.8599598407745361,
		1.8601285219192505,
		1.8598847389221191,
		1.8599433898925781,
		1.859931468963623,
		1.859997034072876,
		1.860022783279419,
		1.859780192375183,
		1.8599473237991333,
		1.8600393533706665,
		1.859994649887085,
		1.8600610494613647,
		1.8599581718444824,
		1.8601957559585571,
		1.8598566055297852,
		1.8600300550460815,
		1.86000394821167,
		1.8599241971969604,
		1.860021710395813,
		1.8599050045013428,
		1.8600598573684692,
		1.859948992729187,
		1.8601199388504028,
		1.8599241971969604,
		1.8599389791488647,
		1.8598986864089966,
		1.8599268198013306,
		1.859989881515503,
		1.8600451946258545,
		1.8600220680236816,
		1.8599039316177368,
		1.860000491142273,
		1.8599853515625,
		1.8599419593811035,
		1.8599380254745483
	]
}