{
	"train_accuracy_records": [
		0.6372548937797546,
		0.5480584502220154,
		0.5738177299499512,
		0.6601307392120361,
		0.6537870168685913,
		0.6372548937797546,
		0.6174548268318176,
		0.6507112383842468,
		0.624951958656311,
		0.6057285666465759,
		0.6176470518112183,
		0.624951958656311,
		0.6764705777168274,
		0.6826220750808716,
		0.6764705777168274,
		0.686274528503418,
		0.6036139726638794,
		0.5961169004440308,
		0.6826220750808716,
		0.6274510025978088,
		0.624951958656311,
		0.6633986830711365,
		0.6057285666465759,
		0.6764705777168274,
		0.5941945314407349,
		0.6633986830711365,
		0.6291810870170593
	],
	"train_loss_records": [
		36.27450942993164,
		44.11764907836914,
		43.13725662231445,
		33.333335876464844,
		35.29412078857422,
		36.27450942993164,
		37.25490188598633,
		36.27450942993164,
		36.27450942993164,
		38.235294342041016,
		38.235294342041016,
		38.235294342041016,
		32.352943420410156,
		32.352943420410156,
		32.352943420410156,
		31.37255096435547,
		39.2156867980957,
		41.17647171020508,
		30.39215850830078,
		37.25490188598633,
		38.235294342041016,
		34.31372833251953,
		40.19607925415039,
		32.352943420410156,
		42.156864166259766,
		34.31372833251953,
		37.25490188598633
	],
	"validation_acuuracy_records": [
		0.6410256624221802,
		0.6410256624221802,
		0.6410256624221802,
		0.6410256624221802,
		0.6410256624221802,
		0.6410256624221802,
		0.6410256624221802,
		0.6410256624221802,
		0.6410256624221802,
		0.6410256624221802,
		0.6410256624221802,
		0.6410256624221802,
		0.6410256624221802,
		0.6410256624221802,
		0.6410256624221802,
		0.6410256624221802,
		0.6410256624221802,
		0.6410256624221802,
		0.6410256624221802,
		0.6410256624221802,
		0.6410256624221802,
		0.6410256624221802,
		0.6410256624221802,
		0.6410256624221802,
		0.6410256624221802,
		0.6410256624221802,
		0.6410256624221802
	],
	"validation_loss_records": [
		35.897438049316406,
		35.897438049316406,
		35.897438049316406,
		35.897438049316406,
		35.897438049316406,
		35.897438049316406,
		35.897438049316406,
		35.897438049316406,
		35.897438049316406,
		35.897438049316406,
		35.897438049316406,
		35.897438049316406,
		35.897438049316406,
		35.897438049316406,
		35.897438049316406,
		35.897438049316406,
		35.897438049316406,
		35.897438049316406,
		35.897438049316406,
		35.897438049316406,
		35.897438049316406,
		35.897438049316406,
		35.897438049316406,
		35.897438049316406,
		35.897438049316406,
		35.897438049316406,
		35.897438049316406
	]
}