{
	"train_accuracy_records": [
		0.8452690243721008,
		0.8634361028671265,
		0.8676944971084595,
		0.8624213337898254,
		0.8581227660179138,
		0.8453959822654724,
		0.8668692708015442,
		0.8588709831237793,
		0.8595069050788879,
		0.8581715822219849,
		0.8580314517021179,
		0.8581958413124084,
		0.865671694278717,
		0.8600414395332336,
		0.8596366047859192,
		0.867858350276947
	],
	"train_loss_records": [
		2.861415147781372,
		2.8432490825653076,
		2.8389828205108643,
		2.8442554473876953,
		2.848593235015869,
		2.8612778186798096,
		2.839810848236084,
		2.8478102684020996,
		2.847174644470215,
		2.8485093116760254,
		2.8486459255218506,
		2.8484814167022705,
		2.841001510620117,
		2.8466358184814453,
		2.8470423221588135,
		2.8388216495513916
	],
	"validation_acuuracy_records": [
		0.8445985615734625,
		0.8582489358579187,
		0.8582489358579187,
		0.8579553794216939,
		0.8591296051665933,
		0.8591662997211214,
		0.8591662997211214,
		0.8591662997211214,
		0.8591296051665933,
		0.8591662997211214,
		0.8591662997211214,
		0.8591662997211214,
		0.8591662997211214,
		0.8591662997211214,
		0.8591662997211214,
		0.8585791868486716
	],
	"validation_loss_records": [
		2.8622121810913086,
		2.848965644836426,
		2.8489508628845215,
		2.8490490913391113,
		2.8479175567626953,
		2.847691535949707,
		2.8479254245758057,
		2.847548484802246,
		2.8476462364196777,
		2.8477933406829834,
		2.8476593494415283,
		2.8476810455322266,
		2.847729206085205,
		2.8477413654327393,
		2.8476617336273193,
		2.8484110832214355
	]
}