{
	"train_accuracy_records": [
		0.9154929518699646,
		0.9718309640884399
	],
	"train_loss_records": [
		0.2575581967830658,
		0.19964911043643951
	],
	"validation_acuuracy_records": [
		0.9482758620689655,
		0.9655172413793104
	],
	"validation_loss_records": [
		0.14204569160938263,
		0.1349707990884781
	]
}