{
	"train_accuracy_records": [
		0.8711910843849182,
		0.8779803514480591,
		0.8514443039894104,
		0.8607242107391357,
		0.8435754179954529,
		0.8557559251785278,
		0.8577291965484619,
		0.8515406250953674,
		0.8358209133148193,
		0.8555555939674377,
		0.8688982129096985,
		0.8622100949287415,
		0.8151041865348816,
		0.8635724186897278,
		0.873758852481842,
		0.8541374206542969,
		0.8549724221229553
	],
	"train_loss_records": [
		2.0609428882598877,
		2.0531632900238037,
		2.080711603164673,
		2.073192596435547,
		2.0877742767333984,
		2.0751640796661377,
		2.0765602588653564,
		2.081453800201416,
		2.0974643230438232,
		2.0775716304779053,
		2.0633273124694824,
		2.070080041885376,
		2.1166458129882812,
		2.0691254138946533,
		2.059540271759033,
		2.0795602798461914,
		2.0784666538238525
	],
	"validation_acuuracy_records": [
		0.8682774746687452,
		0.8682774746687452,
		0.8682774746687452,
		0.8682774746687452,
		0.8682774746687452,
		0.8682774746687452,
		0.8682774746687452,
		0.8682774746687452,
		0.8682774746687452,
		0.8682774746687452,
		0.8682774746687452,
		0.8682774746687452,
		0.8682774746687452,
		0.8682774746687452,
		0.8682774746687452,
		0.8682774746687452,
		0.8682774746687452
	],
	"validation_loss_records": [
		2.068504810333252,
		2.0632553100585938,
		2.0630905628204346,
		2.062756061553955,
		2.0630438327789307,
		2.0627782344818115,
		2.0626578330993652,
		2.0627312660217285,
		2.0628421306610107,
		2.062823534011841,
		2.0630135536193848,
		2.0627076625823975,
		2.062795400619507,
		2.062649726867676,
		2.06268048286438,
		2.062443494796753,
		2.0631585121154785
	]
}