{
	"train_accuracy_records": [
		0.774509847164154,
		0.7843137383460999,
		0.7549020051956177,
		0.8529412150382996,
		0.7647058963775635,
		0.8235294222831726,
		0.8529412150382996
	],
	"train_loss_records": [
		0.4760427176952362,
		0.46322858333587646,
		0.4995664060115814,
		0.3536949157714844,
		0.4413149654865265,
		0.37535300850868225,
		0.34977325797080994
	],
	"validation_acuuracy_records": [
		0.7307692307692307,
		0.7051282051282052,
		0.6923076923076923,
		0.7051282051282052,
		0.6794871794871795,
		0.6923076923076923,
		0.6794871794871795
	],
	"validation_loss_records": [
		0.5802976489067078,
		0.5734327435493469,
		0.5680816769599915,
		0.5942457318305969,
		0.5912044048309326,
		0.6115846633911133,
		0.6141358613967896
	]
}