{
	"train_accuracy_records": [
		0.8442622423171997,
		0.8510637879371643,
		0.8394365906715393,
		0.8457583785057068,
		0.8547945618629456,
		0.8138138055801392,
		0.8259668946266174,
		0.8404558300971985,
		0.8259668946266174,
		0.8293413519859314,
		0.8567638993263245,
		0.8411458730697632,
		0.8230088353157043,
		0.8386308550834656,
		0.8255813717842102,
		0.8453038930892944,
		0.844011127948761,
		0.8224852085113525,
		0.8305555582046509,
		0.8157894611358643,
		0.8176637887954712,
		0.8356940150260925,
		0.8523315787315369,
		0.842391312122345,
		0.8347339034080505,
		0.842391312122345,
		0.8404254913330078,
		0.8179190754890442,
		0.842391312122345,
		0.8165137767791748,
		0.8309859037399292,
		0.8368983864784241,
		0.8333333134651184,
		0.8276836276054382,
		0.8401083946228027,
		0.840782105922699,
		0.8432432413101196,
		0.8372703194618225,
		0.8370165824890137,
		0.8425197005271912,
		0.8538812398910522,
		0.8447837233543396,
		0.8281689882278442,
		0.8396739363670349,
		0.8236914873123169,
		0.8211143612861633,
		0.8305084705352783,
		0.8380681872367859,
		0.8347107768058777,
		0.8370165824890137,
		0.8337950110435486,
		0.8467966318130493,
		0.8247126340866089,
		0.8272980451583862,
		0.8352273106575012,
		0.8387096524238586,
		0.831932783126831,
		0.8367346525192261,
		0.8278931975364685,
		0.8333333134651184,
		0.8338109254837036,
		0.8240222930908203,
		0.8068181872367859,
		0.8272980451583862,
		0.8306451439857483,
		0.8216374516487122,
		0.8285714387893677,
		0.8497267365455627,
		0.8416666984558105,
		0.8453333377838135,
		0.8378378748893738,
		0.8373984098434448,
		0.8362573385238647,
		0.8595641851425171,
		0.8385269045829773,
		0.8515625,
		0.8245125412940979,
		0.822102427482605,
		0.8467742204666138,
		0.8154270052909851,
		0.8563829660415649,
		0.8277511596679688
	],
	"train_loss_records": [
		1.844833493232727,
		1.838009238243103,
		1.8496549129486084,
		1.8433316946029663,
		1.8342961072921753,
		1.8752760887145996,
		1.8631209135055542,
		1.848633885383606,
		1.8631221055984497,
		1.8597480058670044,
		1.8323264122009277,
		1.847943663597107,
		1.8660807609558105,
		1.8504586219787598,
		1.863507866859436,
		1.8437858819961548,
		1.845078468322754,
		1.8666040897369385,
		1.8585338592529297,
		1.8732999563217163,
		1.8714250326156616,
		1.8533958196640015,
		1.8367581367492676,
		1.8466986417770386,
		1.8543555736541748,
		1.8466986417770386,
		1.8486639261245728,
		1.8711702823638916,
		1.8466986417770386,
		1.8725755214691162,
		1.8581037521362305,
		1.8521913290023804,
		1.8557562828063965,
		1.8614057302474976,
		1.8489811420440674,
		1.8483073711395264,
		1.8458462953567505,
		1.8518192768096924,
		1.8520734310150146,
		1.8465701341629028,
		1.8352091312408447,
		1.8443058729171753,
		1.8609203100204468,
		1.8494157791137695,
		1.8653982877731323,
		1.8679753541946411,
		1.8585811853408813,
		1.8510215282440186,
		1.8543788194656372,
		1.852073073387146,
		1.8552942276000977,
		1.8422927856445312,
		1.8643769025802612,
		1.8617913722991943,
		1.8538622856140137,
		1.8503801822662354,
		1.8571568727493286,
		1.852354884147644,
		1.8611960411071777,
		1.855756163597107,
		1.8552788496017456,
		1.865067481994629,
		1.882271647453308,
		1.8617913722991943,
		1.8584446907043457,
		1.8674520254135132,
		1.8605180978775024,
		1.8393630981445312,
		1.8474228382110596,
		1.8437561988830566,
		1.8512518405914307,
		1.8516913652420044,
		1.8528324365615845,
		1.8295252323150635,
		1.850562572479248,
		1.8375273942947388,
		1.8645769357681274,
		1.8669872283935547,
		1.842315673828125,
		1.8736624717712402,
		1.8327068090438843,
		1.8613389730453491
	],
	"validation_acuuracy_records": [
		0.8289064168930054,
		0.8291918635368347,
		0.8290850520133972,
		0.8287590146064758,
		0.8290390372276306,
		0.8291329741477966,
		0.8289953470230103,
		0.829146683216095,
		0.8290838599205017,
		0.8291110396385193,
		0.8288097977638245,
		0.82904052734375,
		0.8291714787483215,
		0.8288828730583191,
		0.8289341330528259,
		0.8290128707885742,
		0.8290775418281555,
		0.8289735317230225,
		0.8289856314659119,
		0.8289633989334106,
		0.8290261030197144,
		0.8287888169288635,
		0.8288407325744629,
		0.8290389180183411,
		0.82923424243927,
		0.8290448188781738,
		0.8288968205451965,
		0.8289740681648254,
		0.8290737867355347,
		0.8292558789253235,
		0.8290100693702698,
		0.8289868831634521,
		0.8288089632987976,
		0.8290372490882874,
		0.8291038274765015,
		0.8289536833763123,
		0.8289220929145813,
		0.8288479447364807,
		0.8289695382118225,
		0.8290368914604187,
		0.8291354775428772,
		0.8290067911148071,
		0.8288260102272034,
		0.8287394642829895,
		0.8290809392929077,
		0.8289520740509033,
		0.828693687915802,
		0.8289394974708557,
		0.8290560841560364,
		0.8288593888282776,
		0.8290024995803833,
		0.8290679454803467,
		0.8291300535202026,
		0.8291313052177429,
		0.8290233612060547,
		0.8288947939872742,
		0.8290650248527527,
		0.8291302919387817,
		0.8291098475456238,
		0.8288732767105103,
		0.829056441783905,
		0.8288686871528625,
		0.8290054202079773,
		0.829007089138031,
		0.8290018439292908,
		0.8290592432022095,
		0.8290300965309143,
		0.8291093707084656,
		0.8290563821792603,
		0.8290676474571228,
		0.8290587067604065,
		0.8290542960166931,
		0.8288170695304871,
		0.8287835121154785,
		0.8291566371917725,
		0.8291274905204773,
		0.8289856314659119,
		0.8289068341255188,
		0.8290587663650513,
		0.8291622400283813,
		0.8289064168930054,
		0.8289837837219238
	],
	"validation_loss_records": [
		1.8601855039596558,
		1.859897255897522,
		1.8600045442581177,
		1.8603307008743286,
		1.8600502014160156,
		1.8599562644958496,
		1.8600941896438599,
		1.8599430322647095,
		1.8600060939788818,
		1.8599786758422852,
		1.8602800369262695,
		1.8600492477416992,
		1.859918236732483,
		1.860206961631775,
		1.860155463218689,
		1.8600770235061646,
		1.860012412071228,
		1.8601161241531372,
		1.8601038455963135,
		1.8601263761520386,
		1.8600636720657349,
		1.8603005409240723,
		1.8602489233016968,
		1.8600505590438843,
		1.8598556518554688,
		1.8600445985794067,
		1.8601927757263184,
		1.860115647315979,
		1.8600157499313354,
		1.859833836555481,
		1.8600794076919556,
		1.8601027727127075,
		1.8602805137634277,
		1.860052466392517,
		1.8599857091903687,
		1.8601359128952026,
		1.8601676225662231,
		1.8602417707443237,
		1.8601202964782715,
		1.8600528240203857,
		1.8599539995193481,
		1.8600828647613525,
		1.8602635860443115,
		1.8603500127792358,
		1.8600088357925415,
		1.8601375818252563,
		1.860395908355713,
		1.8601500988006592,
		1.860033631324768,
		1.8602302074432373,
		1.860087275505066,
		1.860021710395813,
		1.859959602355957,
		1.859958291053772,
		1.8600661754608154,
		1.8601948022842407,
		1.8600244522094727,
		1.8599592447280884,
		1.8599799871444702,
		1.860216498374939,
		1.8600330352783203,
		1.8602209091186523,
		1.8600841760635376,
		1.8600826263427734,
		1.8600878715515137,
		1.8600304126739502,
		1.860059380531311,
		1.8599803447723389,
		1.860033392906189,
		1.8600220680236816,
		1.860031008720398,
		1.8600355386734009,
		1.8602725267410278,
		1.8603061437606812,
		1.8599331378936768,
		1.8599622249603271,
		1.8601040840148926,
		1.860182762145996,
		1.860031008720398,
		1.8599274158477783,
		1.8601831197738647,
		1.8601057529449463
	]
}