{
	"train_accuracy_records": [
		0.6772853136062622,
		0.6315789222717285,
		0.6315789222717285,
		0.6578947305679321,
		0.5263157486915588
	],
	"train_loss_records": [
		28.982248306274414,
		36.842105865478516,
		36.842105865478516,
		34.21052551269531,
		47.3684196472168
	],
	"validation_acuuracy_records": [
		0.5354853272438049,
		0.5641025900840759,
		0.5641025900840759,
		0.5641025900840759,
		0.5641025900840759
	],
	"validation_loss_records": [
		40.761924743652344,
		43.589744567871094,
		43.589744567871094,
		43.589744567871094,
		43.589744567871094
	]
}