{
	"train_accuracy_records": [
		0.7790948152542114,
		0.7977272868156433,
		0.6517857313156128,
		0.7076923251152039,
		0.7012648582458496,
		0.7137096524238586,
		0.7245370149612427,
		0.7052469253540039
	],
	"train_loss_records": [
		3.3804032802581787,
		3.1865122318267822,
		3.1313230991363525,
		2.973435878753662,
		2.876790761947632,
		2.769500255584717,
		2.6667306423187256,
		2.6115763187408447
	],
	"validation_acuuracy_records": [
		0.7352652549743652,
		0.7072638869285583,
		0.7072228193283081,
		0.711029052734375,
		0.7132893800735474,
		0.7082879543304443,
		0.7100116014480591,
		0.7096878886222839
	],
	"validation_loss_records": [
		3.3830928802490234,
		3.225865125656128,
		3.096412181854248,
		2.976391315460205,
		2.860304117202759,
		2.774651288986206,
		2.6848490238189697,
		2.6024651527404785
	]
}