Pregnancies,Glucose,BloodPressure,SkinThickness,Insulin,BMI,DiabetesPedigreeFunction,Age,Outcome
"(7.1210501, 7.1210505]","(106.001, 106.012]","(71.989, 71.993]","(36.221784, 36.221786]","(0.059, 0.079]","(36.605, 36.606]","(0.1782, 0.17822]","(43.788558, 43.788559]",False
"(7.1210497, 7.1210499]","(105.994, 106.001]","(71.995, 72.0]","(36.221784, 36.221786]","(0.02, 0.059]","(36.601, 36.605]","(0.17822, 0.17826]","(43.788554000000005, 43.788558]",False
"(7.1210488, 7.1210497]","(106.012, 106.032]","(72.0, 72.012]","(36.221784, 36.221786]","(-0.105, -0.038]","(36.593, 36.595]","(0.17806, 0.1782]","(43.78856, 43.788563]",False
"(7.1210505, 7.1210513]","(105.973, 105.987]","(71.993, 71.995]","(36.221774, 36.221784]","(-0.038, 0.02]","(36.606, 36.607]","(0.17772, 0.17784]","(43.78856, 43.788563]",False
"(7.1210497, 7.1210499]","(105.987, 105.994]","(71.97999999999999, 71.989]","(36.221784, 36.221786]","(0.079, 0.099]","(36.595, 36.601]","(0.17784, 0.17806]","(43.788558, 43.788559]",False
