{
	"train_accuracy_records": [
		0.8610728979110718,
		0.8793829083442688,
		0.8903133869171143,
		0.8567530512809753,
		0.852617084980011,
		0.8292683362960815,
		0.8671428561210632,
		0.863387942314148,
		0.8601694703102112,
		0.8604651689529419,
		0.85597825050354,
		0.8611111044883728,
		0.8668555021286011,
		0.8633802533149719,
		0.8600823283195496,
		0.8732393980026245,
		0.8729282021522522
	],
	"train_loss_records": [
		2.0705084800720215,
		2.0529112815856934,
		2.041722297668457,
		2.07637882232666,
		2.0786147117614746,
		2.103116750717163,
		2.0662150382995605,
		2.06782603263855,
		2.0722129344940186,
		2.0722644329071045,
		2.0762789249420166,
		2.071270704269409,
		2.0670816898345947,
		2.068952798843384,
		2.0706329345703125,
		2.0581729412078857,
		2.059133529663086
	],
	"validation_acuuracy_records": [
		0.8667186282151208,
		0.8678877630553391,
		0.8682774746687452,
		0.8682774746687452,
		0.8682774746687452,
		0.8682774746687452,
		0.8682774746687452,
		0.8682774746687452,
		0.8682774746687452,
		0.8682774746687452,
		0.8682774746687452,
		0.8682774746687452,
		0.8682774746687452,
		0.8682774746687452,
		0.8682774746687452,
		0.8682774746687452,
		0.8682774746687452
	],
	"validation_loss_records": [
		2.081983804702759,
		2.064159393310547,
		2.062617301940918,
		2.062520980834961,
		2.063047170639038,
		2.0626096725463867,
		2.0634894371032715,
		2.0626535415649414,
		2.0624427795410156,
		2.062727689743042,
		2.062448740005493,
		2.062744617462158,
		2.0627706050872803,
		2.062817335128784,
		2.062819242477417,
		2.062938690185547,
		2.0626893043518066
	]
}