{
	"train_accuracy_records": [
		0.6309267282485962,
		0.7680495977401733,
		0.702464759349823,
		0.6913527250289917,
		0.6471518874168396,
		0.6148256063461304,
		0.7617984414100647,
		0.7320696711540222
	],
	"train_loss_records": [
		3.3487935066223145,
		3.113682270050049,
		3.017875909805298,
		2.9096896648406982,
		2.8607001304626465,
		2.8300063610076904,
		2.535015106201172,
		2.497837781906128
	],
	"validation_acuuracy_records": [
		0.712236225605011,
		0.713125467300415,
		0.71549391746521,
		0.7194618582725525,
		0.7132234573364258,
		0.7165105938911438,
		0.7097738981246948,
		0.7153865694999695
	],
	"validation_loss_records": [
		3.313876152038574,
		3.141122579574585,
		3.006037712097168,
		2.881521463394165,
		2.7805659770965576,
		2.689404249191284,
		2.613386869430542,
		2.526414632797241
	]
}