{
	"train_accuracy_records": [
		0.6615691781044006,
		0.6420990824699402,
		0.7420933842658997,
		0.80074542760849,
		0.6993534564971924,
		0.73583984375,
		0.560661792755127,
		0.6113013625144958
	],
	"train_loss_records": [
		3.474961042404175,
		3.348883628845215,
		3.217191457748413,
		3.040247917175293,
		2.9933056831359863,
		2.8650095462799072,
		2.9580488204956055,
		2.8332974910736084
	],
	"validation_acuuracy_records": [
		0.7495192289352417,
		0.7304748892784119,
		0.7472714781761169,
		0.735727846622467,
		0.7156058549880981,
		0.7167776823043823,
		0.7111406326293945,
		0.7141699194908142
	],
	"validation_loss_records": [
		3.4890732765197754,
		3.3366684913635254,
		3.210139036178589,
		3.0824265480041504,
		2.968857765197754,
		2.872138738632202,
		2.7872326374053955,
		2.699223279953003
	]
}