{
	"train_accuracy_records": [
		0.83152174949646,
		0.8319088220596313,
		0.823369562625885,
		0.8333333730697632,
		0.844011127948761,
		0.8220338821411133,
		0.8078078031539917,
		0.8109755516052246,
		0.8214285969734192,
		0.8299711346626282,
		0.8547945618629456,
		0.8378378748893738,
		0.8471850156784058,
		0.8500000238418579,
		0.8223496079444885,
		0.8328690528869629,
		0.8166666626930237,
		0.8280802369117737,
		0.8197183012962341,
		0.83423912525177,
		0.8519552946090698,
		0.8338027596473694,
		0.8132184147834778,
		0.8157894611358643,
		0.8355437517166138,
		0.8455284833908081,
		0.8132184147834778,
		0.8134111166000366,
		0.8142856955528259,
		0.8407079577445984,
		0.8285714387893677,
		0.831428587436676,
		0.8422459959983826,
		0.8567708730697632,
		0.8232044577598572,
		0.8479999899864197,
		0.8296089172363281,
		0.8295454978942871,
		0.8140844702720642,
		0.8374655842781067,
		0.801075279712677,
		0.8240222930908203,
		0.8405063152313232,
		0.8082596063613892,
		0.8126800656318665,
		0.8455696105957031,
		0.8247978091239929,
		0.8252688050270081,
		0.832402229309082,
		0.8214285969734192,
		0.8191781044006348,
		0.8346666693687439,
		0.8512195348739624,
		0.8240222930908203,
		0.8130311369895935,
		0.8189189434051514,
		0.8305555582046509,
		0.8210227489471436,
		0.8067484498023987,
		0.8236914873123169,
		0.8166189193725586,
		0.8230336904525757,
		0.8107344508171082,
		0.8159340620040894,
		0.8260869979858398,
		0.8235294222831726,
		0.8341836333274841,
		0.8408488035202026,
		0.8376963138580322,
		0.8219895362854004,
		0.8346253633499146,
		0.8301370143890381,
		0.8278688192367554,
		0.8125,
		0.8301886320114136,
		0.8427834510803223,
		0.8226743936538696,
		0.8451776504516602,
		0.818965494632721,
		0.8315508365631104,
		0.8184357285499573,
		0.8461538553237915
	],
	"train_loss_records": [
		1.8575836420059204,
		1.8571826219558716,
		1.8657219409942627,
		1.8557580709457397,
		1.8450803756713867,
		1.8671640157699585,
		1.8812825679779053,
		1.8781142234802246,
		1.8676623106002808,
		1.8591206073760986,
		1.8344310522079468,
		1.8512263298034668,
		1.8419075012207031,
		1.83909273147583,
		1.8667404651641846,
		1.856221079826355,
		1.8724251985549927,
		1.8610128164291382,
		1.869372844696045,
		1.8548626899719238,
		1.8371593952178955,
		1.855288028717041,
		1.8758727312088013,
		1.8733028173446655,
		1.8535670042037964,
		1.8435626029968262,
		1.8758718967437744,
		1.8756790161132812,
		1.8745516538619995,
		1.8483847379684448,
		1.8605238199234009,
		1.857662320137024,
		1.8468447923660278,
		1.832320213317871,
		1.8658883571624756,
		1.8410907983779907,
		1.8594822883605957,
		1.8595446348190308,
		1.875005841255188,
		1.8516268730163574,
		1.8880149126052856,
		1.8650681972503662,
		1.8485854864120483,
		1.8808326721191406,
		1.877084493637085,
		1.8435194492340088,
		1.8642929792404175,
		1.8638252019882202,
		1.856688380241394,
		1.8676633834838867,
		1.8699126243591309,
		1.8544257879257202,
		1.8378856182098389,
		1.8650686740875244,
		1.87605881690979,
		1.8701727390289307,
		1.858534574508667,
		1.868070125579834,
		1.8823435306549072,
		1.8653993606567383,
		1.8724710941314697,
		1.8660571575164795,
		1.8783560991287231,
		1.873157262802124,
		1.8630045652389526,
		1.8655635118484497,
		1.8549081087112427,
		1.848244309425354,
		1.851397156715393,
		1.8671047687530518,
		1.8544673919677734,
		1.8589555025100708,
		1.861221194267273,
		1.876590371131897,
		1.8589026927947998,
		1.8463084697723389,
		1.866416573524475,
		1.8439172506332397,
		1.8701246976852417,
		1.8575400114059448,
		1.8706552982330322,
		1.8429405689239502
	],
	"validation_acuuracy_records": [
		0.8244720101356506,
		0.8245267868041992,
		0.8290926218032837,
		0.8290163278579712,
		0.829003632068634,
		0.8289496898651123,
		0.8289762139320374,
		0.8290375471115112,
		0.8289321660995483,
		0.828987717628479,
		0.8287301063537598,
		0.8289543986320496,
		0.8289079070091248,
		0.8289915323257446,
		0.8300470113754272,
		0.8300007581710815,
		0.8299465775489807,
		0.8300246596336365,
		0.8299696445465088,
		0.8223185539245605,
		0.8291133046150208,
		0.8291663527488708,
		0.8290619850158691,
		0.829261064529419,
		0.82909095287323,
		0.8290126919746399,
		0.8255149126052856,
		0.8254005908966064,
		0.8110828399658203,
		0.8300033807754517,
		0.8297661542892456,
		0.8298285007476807,
		0.830109179019928,
		0.8298261761665344,
		0.8299760222434998,
		0.8300138115882874,
		0.8299767374992371,
		0.8254798054695129,
		0.8254665732383728,
		0.825446605682373,
		0.8253503441810608,
		0.8256149888038635,
		0.8252637386322021,
		0.8253780603408813,
		0.8153775334358215,
		0.8255838751792908,
		0.8255295753479004,
		0.8252890706062317,
		0.8254406452178955,
		0.825517475605011,
		0.8253074884414673,
		0.8253949880599976,
		0.8255454897880554,
		0.8254069089889526,
		0.8253238797187805,
		0.8254811763763428,
		0.8254739046096802,
		0.8254609704017639,
		0.8255425095558167,
		0.8256497979164124,
		0.8253964781761169,
		0.8255020976066589,
		0.8251810669898987,
		0.8254514932632446,
		0.8254142999649048,
		0.8254929184913635,
		0.8253180384635925,
		0.825584888458252,
		0.8254685997962952,
		0.8253538012504578,
		0.8254831433296204,
		0.8251753449440002,
		0.8254110217094421,
		0.825323224067688,
		0.8253746628761292,
		0.8252750039100647,
		0.8255391716957092,
		0.8245797157287598,
		0.8243247866630554,
		0.8246154189109802,
		0.8243780136108398,
		0.8243548274040222
	],
	"validation_loss_records": [
		1.864619493484497,
		1.8645635843276978,
		1.859997272491455,
		1.860073447227478,
		1.86008620262146,
		1.8601540327072144,
		1.8601136207580566,
		1.860052227973938,
		1.8601576089859009,
		1.8601018190383911,
		1.8608877658843994,
		1.8623480796813965,
		1.8601819276809692,
		1.8600982427597046,
		1.859042763710022,
		1.8590887784957886,
		1.8591433763504028,
		1.859065294265747,
		1.85912024974823,
		1.8667736053466797,
		1.8599761724472046,
		1.8599231243133545,
		1.8600276708602905,
		1.8598285913467407,
		1.8599988222122192,
		1.860076904296875,
		1.8635746240615845,
		1.8636891841888428,
		1.8721705675125122,
		1.859086275100708,
		1.8593233823776245,
		1.859261155128479,
		1.858980655670166,
		1.85926353931427,
		1.8591136932373047,
		1.859075903892517,
		1.8591127395629883,
		1.8636096715927124,
		1.863623023033142,
		1.8636431694030762,
		1.8637393712997437,
		1.863474726676941,
		1.863825798034668,
		1.8637115955352783,
		1.8727679252624512,
		1.8635056018829346,
		1.8635601997375488,
		1.8638006448745728,
		1.8636490106582642,
		1.863572359085083,
		1.8637821674346924,
		1.863694667816162,
		1.8635449409484863,
		1.8636828660964966,
		1.8637654781341553,
		1.8636083602905273,
		1.86361563205719,
		1.863628625869751,
		1.8635469675064087,
		1.8634402751922607,
		1.863693118095398,
		1.8635876178741455,
		1.8639085292816162,
		1.863638162612915,
		1.863675594329834,
		1.8635969161987305,
		1.8637717962265015,
		1.8635051250457764,
		1.8636219501495361,
		1.8637365102767944,
		1.8636066913604736,
		1.8639144897460938,
		1.8636785745620728,
		1.8637661933898926,
		1.8637150526046753,
		1.8638145923614502,
		1.8635505437850952,
		1.8645108938217163,
		1.8647650480270386,
		1.8644744157791138,
		1.8647116422653198,
		1.8647348880767822
	]
}