{
	"train_accuracy_records": [
		0.8235294222831726,
		0.7450980544090271,
		0.7941176891326904,
		0.7254902124404907,
		0.8333333730697632,
		0.8137255311012268,
		0.8823529481887817
	],
	"train_loss_records": [
		0.4439333975315094,
		0.5718570351600647,
		0.41713595390319824,
		0.5069816708564758,
		0.37048962712287903,
		0.43963369727134705,
		0.3895735442638397
	],
	"validation_acuuracy_records": [
		0.5897435897435898,
		0.6923076923076923,
		0.6666666666666666,
		0.7307692307692307,
		0.717948717948718,
		0.6794871794871795,
		0.7051282051282052
	],
	"validation_loss_records": [
		0.6217330694198608,
		0.533297061920166,
		0.5869250297546387,
		0.5347384214401245,
		0.5468950867652893,
		0.6185160279273987,
		0.5551359057426453
	]
}