{
	"train_accuracy_records": [
		0.8781163096427917,
		0.8682719469070435,
		0.8573406934738159,
		0.8340080976486206,
		0.8679775595664978
	],
	"train_loss_records": [
		2.0513854026794434,
		2.0612363815307617,
		2.0721592903137207,
		2.095499038696289,
		2.0615220069885254
	],
	"validation_acuuracy_records": [
		0.854087089381207,
		0.8548510313216195,
		0.8548510313216195,
		0.8548510313216195,
		0.8548510313216195
	],
	"validation_loss_records": [
		2.0748865604400635,
		2.0744903087615967,
		2.0743753910064697,
		2.074434280395508,
		2.074363946914673
	]
}