{
	"train_accuracy_records": [
		0.8177623748779297,
		0.8379052877426147,
		0.8650427460670471,
		0.8478618264198303,
		0.8686588406562805,
		0.8309352993965149,
		0.8608365058898926,
		0.8473214507102966,
		0.8614025115966797,
		0.8634064197540283,
		0.8547990322113037,
		0.8610223531723022,
		0.8557047247886658,
		0.8647540807723999,
		0.8619791865348816,
		0.8567208051681519
	],
	"train_loss_records": [
		2.888578414916992,
		2.868530750274658,
		2.841620445251465,
		2.858887195587158,
		2.8381829261779785,
		2.875744104385376,
		2.845822811126709,
		2.8594119548797607,
		2.8448565006256104,
		2.8433010578155518,
		2.851890802383423,
		2.845677137374878,
		2.8509864807128906,
		2.841925621032715,
		2.8447415828704834,
		2.849601984024048
	],
	"validation_acuuracy_records": [
		0.816672682762146,
		0.8471275568008423,
		0.8483898639678955,
		0.8483874797821045,
		0.8519386649131775,
		0.8523655533790588,
		0.8536239266395569,
		0.8567448258399963,
		0.85670405626297,
		0.8571237921714783,
		0.8574263453483582,
		0.8574612736701965,
		0.8567475080490112,
		0.8564618229866028,
		0.8582354784011841,
		0.8592507839202881
	],
	"validation_loss_records": [
		2.889707326889038,
		2.8595170974731445,
		2.8582682609558105,
		2.858177900314331,
		2.8547699451446533,
		2.8543355464935303,
		2.8530166149139404,
		2.84993839263916,
		2.8499755859375,
		2.849668502807617,
		2.849250316619873,
		2.849219799041748,
		2.849946975708008,
		2.850212812423706,
		2.8484489917755127,
		2.847416639328003
	]
}