{
	"train_accuracy_records": [
		0.8148667812347412
	],
	"train_loss_records": [
		1.8772839307785034
	],
	"validation_acuuracy_records": [
		0.8061900256791459
	],
	"validation_loss_records": [
		1.9171212911605835
	]
}