{
	"train_accuracy_records": [
		0.8337156176567078,
		0.7694746255874634,
		0.6089285612106323,
		0.7067307829856873,
		0.6902984976768494,
		0.7483766078948975,
		0.7682291865348816,
		0.673828125
	],
	"train_loss_records": [
		3.2958791255950928,
		3.143461227416992,
		3.1041312217712402,
		2.9235525131225586,
		2.833402156829834,
		2.6894924640655518,
		2.5639262199401855,
		2.619968891143799
	],
	"validation_acuuracy_records": [
		0.7152746915817261,
		0.7136109471321106,
		0.6997056603431702,
		0.7271435260772705,
		0.7168187499046326,
		0.717785656452179,
		0.7170429229736328,
		0.7210274338722229
	],
	"validation_loss_records": [
		3.3334929943084717,
		3.160600185394287,
		3.0394606590270996,
		2.9071571826934814,
		2.8036088943481445,
		2.716575860977173,
		2.6369004249572754,
		2.546330690383911
	]
}