{
	"train_accuracy_records": [
		0.8405994176864624,
		0.8506849408149719,
		0.8778089880943298,
		0.857740581035614,
		0.8434547781944275
	],
	"train_loss_records": [
		2.088937282562256,
		2.0788168907165527,
		2.0518102645874023,
		2.071608066558838,
		2.0860438346862793
	],
	"validation_acuuracy_records": [
		0.8544690603514133,
		0.8544690603514133,
		0.8548510313216195,
		0.8548510313216195,
		0.8548510313216195
	],
	"validation_loss_records": [
		2.0748438835144043,
		2.0748369693756104,
		2.0743408203125,
		2.074519634246826,
		2.074180841445923
	]
}