{
	"train_accuracy_records": [
		0.7941176891326904,
		0.7254902124404907,
		0.8039215803146362,
		0.7549020051956177,
		0.7941176891326904,
		0.7843137383460999,
		0.7647058963775635
	],
	"train_loss_records": [
		0.49117887020111084,
		0.5963183045387268,
		0.490544855594635,
		0.5936387777328491,
		0.4966687858104706,
		0.45570632815361023,
		0.550249457359314
	],
	"validation_acuuracy_records": [
		0.6666666666666666,
		0.6794871794871795,
		0.6538461538461539,
		0.6794871794871795,
		0.6794871794871795,
		0.6923076923076923,
		0.7051282051282052
	],
	"validation_loss_records": [
		0.5849480628967285,
		0.5687870979309082,
		0.5874419808387756,
		0.5801352858543396,
		0.5598551034927368,
		0.5647941827774048,
		0.5562097430229187
	]
}