{
	"train_accuracy_records": [
		0.8224543333053589,
		0.8240222930908203,
		0.8360655307769775,
		0.8314606547355652,
		0.8142856955528259,
		0.846368670463562,
		0.834319531917572,
		0.8222222328186035,
		0.8324467539787292,
		0.8365122675895691,
		0.8245125412940979,
		0.8209366798400879,
		0.8637531995773315,
		0.8430232405662537,
		0.8543956279754639,
		0.8284182548522949
	],
	"train_loss_records": [
		1.8666528463363647,
		1.8650717735290527,
		1.853022813796997,
		1.857634425163269,
		1.8748053312301636,
		1.8427231311798096,
		1.8547717332839966,
		1.8668678998947144,
		1.8566482067108154,
		1.8525789976119995,
		1.864578127861023,
		1.8681559562683105,
		1.8253675699234009,
		1.8460726737976074,
		1.8346986770629883,
		1.8606781959533691
	],
	"validation_acuuracy_records": [
		0.8245464563369751,
		0.8290797472000122,
		0.8289358019828796,
		0.8290418982505798,
		0.8290194869041443,
		0.8289903998374939,
		0.8290624022483826,
		0.8290726542472839,
		0.8291677236557007,
		0.8292191624641418,
		0.8289392590522766,
		0.8290337324142456,
		0.8288814425468445,
		0.8286703824996948,
		0.8289787173271179,
		0.8288146257400513
	],
	"validation_loss_records": [
		1.8645410537719727,
		1.8600101470947266,
		1.8601540327072144,
		1.8600475788116455,
		1.8600703477859497,
		1.8600994348526,
		1.8600276708602905,
		1.86001718044281,
		1.859922170639038,
		1.8598707914352417,
		1.8601503372192383,
		1.8600558042526245,
		1.860216498374939,
		1.8604201078414917,
		1.8601114749908447,
		1.8602770566940308
	]
}