{
	"train_accuracy_records": [
		0.7831730842590332,
		0.7642405033111572,
		0.5886270403862,
		0.6448863744735718,
		0.8162128925323486,
		0.6087328791618347,
		0.772078812122345,
		0.7831555008888245
	],
	"train_loss_records": [
		3.3158774375915527,
		3.14892840385437,
		3.1315560340881348,
		2.987252712249756,
		2.705132007598877,
		2.8504443168640137,
		2.5621089935302734,
		2.4540159702301025
	],
	"validation_acuuracy_records": [
		0.7398149371147156,
		0.7383447885513306,
		0.7169644832611084,
		0.7161533236503601,
		0.7093376517295837,
		0.716292679309845,
		0.7086848616600037,
		0.7119836211204529
	],
	"validation_loss_records": [
		3.3245973587036133,
		3.159006357192993,
		3.0281314849853516,
		2.9114346504211426,
		2.8119304180145264,
		2.711588144302368,
		2.6432173252105713,
		2.557546377182007
	]
}