{
	"train_accuracy_records": [
		0.7604882121086121,
		0.8295638561248779,
		0.8614369630813599,
		0.8390041589736938,
		0.8405797481536865,
		0.863392174243927,
		0.8539493083953857,
		0.8612181544303894,
		0.8404669165611267,
		0.8599373698234558,
		0.8379656672477722,
		0.8420593738555908,
		0.8587819933891296,
		0.8713366985321045,
		0.8605319857597351,
		0.8522537350654602,
		0.8479149341583252,
		0.8532454967498779,
		0.8488924503326416,
		0.8442544937133789,
		0.8667199015617371,
		0.8764404654502869,
		0.8659942150115967,
		0.8539584875106812,
		0.8585774302482605,
		0.8801261782646179,
		0.856006383895874,
		0.862241268157959,
		0.8685145974159241,
		0.863930881023407,
		0.8410000205039978,
		0.8741450309753418,
		0.8558631539344788,
		0.8481796979904175,
		0.8484848141670227,
		0.8510858416557312,
		0.8834734559059143,
		0.8485596776008606,
		0.8647660613059998,
		0.8626220226287842,
		0.8721198439598083,
		0.8460918664932251,
		0.871161937713623,
		0.8457943797111511,
		0.8656905889511108,
		0.8585402369499207,
		0.8730375170707703,
		0.8641005754470825,
		0.8534946441650391,
		0.8578052520751953,
		0.851996898651123,
		0.8701563477516174,
		0.870114266872406,
		0.8604801893234253,
		0.85326087474823,
		0.853203535079956,
		0.8587127327919006,
		0.8595291972160339,
		0.856803834438324,
		0.848314642906189,
		0.8735976219177246,
		0.8538575768470764,
		0.8584136962890625,
		0.8616169095039368,
		0.8461538553237915,
		0.854279100894928,
		0.847766637802124,
		0.8690391778945923,
		0.8692253232002258,
		0.8764500617980957,
		0.8655462265014648,
		0.8447596430778503,
		0.8719466924667358,
		0.8642803430557251,
		0.8704209327697754,
		0.842311441898346,
		0.869102954864502,
		0.865168571472168,
		0.8509091138839722,
		0.8581395149230957,
		0.8554621934890747,
		0.8484848737716675
	],
	"train_loss_records": [
		2.945554733276367,
		2.877082347869873,
		2.8453195095062256,
		2.86763858795166,
		2.86603045463562,
		2.8433127403259277,
		2.852945566177368,
		2.845205545425415,
		2.8662109375,
		2.846944570541382,
		2.8687503337860107,
		2.8646223545074463,
		2.8479061126708984,
		2.835618257522583,
		2.846252679824829,
		2.8544249534606934,
		2.858771324157715,
		2.8534317016601562,
		2.85778546333313,
		2.862649440765381,
		2.8399698734283447,
		2.8302369117736816,
		2.8409950733184814,
		2.8527276515960693,
		2.848092794418335,
		2.8265459537506104,
		2.8506715297698975,
		2.8445708751678467,
		2.838158130645752,
		2.8429086208343506,
		2.8656840324401855,
		2.832575559616089,
		2.850815534591675,
		2.8585023880004883,
		2.8582398891448975,
		2.8555922508239746,
		2.8232054710388184,
		2.85811710357666,
		2.8417680263519287,
		2.844058036804199,
		2.83501935005188,
		2.8605895042419434,
		2.835519552230835,
		2.8608920574188232,
		2.841008424758911,
		2.848151445388794,
		2.8336679935455322,
		2.8425846099853516,
		2.8531901836395264,
		2.8488943576812744,
		2.854691982269287,
		2.8365228176116943,
		2.8363568782806396,
		2.846217632293701,
		2.8534181118011475,
		2.8534789085388184,
		2.8479645252227783,
		2.847167730331421,
		2.8498783111572266,
		2.858365535736084,
		2.83309006690979,
		2.8528311252593994,
		2.8482697010040283,
		2.8450942039489746,
		2.8605244159698486,
		2.8526828289031982,
		2.8590030670166016,
		2.8376407623291016,
		2.8374595642089844,
		2.8302316665649414,
		2.841200590133667,
		2.8619375228881836,
		2.834735155105591,
		2.842435836791992,
		2.836261749267578,
		2.8643693923950195,
		2.837594509124756,
		2.8415167331695557,
		2.8557724952697754,
		2.848541259765625,
		2.8512163162231445,
		2.858306407928467
	],
	"validation_acuuracy_records": [
		0.7762057185173035,
		0.8316401839256287,
		0.8477065563201904,
		0.8502713441848755,
		0.8501282334327698,
		0.8495994210243225,
		0.8495795726776123,
		0.8497939705848694,
		0.8502748012542725,
		0.8496847748756409,
		0.8494297862052917,
		0.851119339466095,
		0.8587615489959717,
		0.8585225343704224,
		0.8586903810501099,
		0.8591404557228088,
		0.8590906858444214,
		0.8600018620491028,
		0.858755350112915,
		0.8594523668289185,
		0.8597650527954102,
		0.8597767949104309,
		0.858283281326294,
		0.8592365980148315,
		0.8593030571937561,
		0.8596707582473755,
		0.8547809720039368,
		0.8596997261047363,
		0.8591260313987732,
		0.8593050837516785,
		0.8591652512550354,
		0.8586740493774414,
		0.8601370453834534,
		0.8604989647865295,
		0.8596836924552917,
		0.8606172204017639,
		0.8607916831970215,
		0.861000657081604,
		0.859699547290802,
		0.8607351779937744,
		0.8601365089416504,
		0.8601603507995605,
		0.8606152534484863,
		0.8601303696632385,
		0.859718918800354,
		0.860329270362854,
		0.8608619570732117,
		0.8607010245323181,
		0.860511302947998,
		0.8599263429641724,
		0.8603441119194031,
		0.8606414794921875,
		0.8591815233230591,
		0.8608315587043762,
		0.8604118227958679,
		0.8608262538909912,
		0.860573410987854,
		0.8604803681373596,
		0.8608114123344421,
		0.8608415126800537,
		0.8603661060333252,
		0.8605068922042847,
		0.8606898188591003,
		0.8606619834899902,
		0.860617995262146,
		0.8608113527297974,
		0.8607441186904907,
		0.860409140586853,
		0.860599160194397,
		0.8603360652923584,
		0.8607074022293091,
		0.8606691360473633,
		0.8604570627212524,
		0.860464334487915,
		0.8607913851737976,
		0.8608511090278625,
		0.8610180020332336,
		0.8605439066886902,
		0.8606693148612976,
		0.8606488108634949,
		0.860834002494812,
		0.8608710765838623
	],
	"validation_loss_records": [
		2.9292163848876953,
		2.8749520778656006,
		2.85905122756958,
		2.856431245803833,
		2.856553316116333,
		2.8570799827575684,
		2.8570518493652344,
		2.856881618499756,
		2.856451988220215,
		2.8571014404296875,
		2.857290744781494,
		2.8556201457977295,
		2.8478853702545166,
		2.8481457233428955,
		2.847980499267578,
		2.8475608825683594,
		2.847576379776001,
		2.846662759780884,
		2.847957134246826,
		2.847219467163086,
		2.8469183444976807,
		2.8468971252441406,
		2.848390579223633,
		2.84744930267334,
		2.847372531890869,
		2.84700083732605,
		2.851858377456665,
		2.846977949142456,
		2.8475358486175537,
		2.8473706245422363,
		2.847505807876587,
		2.8479936122894287,
		2.846562385559082,
		2.8462014198303223,
		2.8469560146331787,
		2.8460609912872314,
		2.84588623046875,
		2.8456814289093018,
		2.8469340801239014,
		2.845942735671997,
		2.8465819358825684,
		2.8465263843536377,
		2.8460466861724854,
		2.846543312072754,
		2.846961259841919,
		2.8463521003723145,
		2.8458096981048584,
		2.8459808826446533,
		2.8461763858795166,
		2.846728801727295,
		2.8463258743286133,
		2.846034288406372,
		2.8474998474121094,
		2.845846652984619,
		2.846266746520996,
		2.845853090286255,
		2.8461062908172607,
		2.8461978435516357,
		2.8458664417266846,
		2.8458364009857178,
		2.846311569213867,
		2.846170425415039,
		2.845987558364868,
		2.8460159301757812,
		2.846059799194336,
		2.8458662033081055,
		2.845933675765991,
		2.8462626934051514,
		2.846078395843506,
		2.8463447093963623,
		2.8459725379943848,
		2.8460137844085693,
		2.8462295532226562,
		2.846214532852173,
		2.84588623046875,
		2.8458268642425537,
		2.84566068649292,
		2.8461389541625977,
		2.84600830078125,
		2.846034526824951,
		2.8458445072174072,
		2.845806837081909
	]
}