{
	"train_accuracy_records": [
		0.843137264251709,
		0.7549020051956177,
		0.774509847164154,
		0.8627451062202454,
		0.686274528503418
	],
	"train_loss_records": [
		0.4125462770462036,
		0.46746814250946045,
		0.5637416243553162,
		0.40741536021232605,
		0.549091637134552
	],
	"validation_acuuracy_records": [
		0.6153846153846154,
		0.6794871794871795,
		0.7051282051282052,
		0.6923076923076923,
		0.7307692307692307
	],
	"validation_loss_records": [
		0.6098996996879578,
		0.5902336239814758,
		0.5484928488731384,
		0.5690863132476807,
		0.591524600982666
	]
}