{
	"train_accuracy_records": [
		0.9295774698257446,
		0.9436619281768799,
		0.9577464461326599,
		0.9718309640884399,
		0.98591548204422,
		0.9718309640884399,
		0.9295774698257446,
		0.9154929518699646
	],
	"train_loss_records": [
		0.14234045147895813,
		0.17540545761585236,
		0.11568621546030045,
		0.07982391864061356,
		0.10944295674562454,
		0.09590312838554382,
		0.11738704144954681,
		0.17608067393302917
	],
	"validation_acuuracy_records": [
		0.9655172413793104,
		0.9655172413793104,
		0.9482758620689655,
		0.9310344827586207,
		0.9482758620689655,
		0.9655172413793104,
		0.9482758620689655,
		0.9482758620689655
	],
	"validation_loss_records": [
		0.10890483856201172,
		0.08369151502847672,
		0.09780054539442062,
		0.10445677489042282,
		0.1423545777797699,
		0.06378733366727829,
		0.13307680189609528,
		0.09613026678562164
	]
}