{
	"train_accuracy_records": [
		0.7832067012786865,
		0.8187044858932495,
		0.8326407074928284,
		0.8381817936897278,
		0.8230193257331848,
		0.8330119848251343,
		0.8500345349311829,
		0.8443154692649841,
		0.8454234600067139,
		0.825466513633728,
		0.8360781669616699,
		0.8469712734222412,
		0.8518040776252747,
		0.8360252976417542,
		0.8620567321777344,
		0.8505487442016602,
		0.8465179204940796,
		0.8489130735397339,
		0.836637556552887,
		0.847140371799469,
		0.8429409861564636,
		0.8535690903663635,
		0.8394575715065002,
		0.8508108258247375,
		0.8496598601341248,
		0.8452681303024292,
		0.8510560989379883,
		0.8424028158187866,
		0.8253238201141357,
		0.8462545275688171,
		0.8439767956733704,
		0.8612656593322754,
		0.8496666550636292,
		0.8454675078392029,
		0.8479999899864197,
		0.8329678177833557,
		0.8634499907493591,
		0.8406498432159424,
		0.8479999899864197,
		0.8399558663368225,
		0.8282867074012756,
		0.838860809803009,
		0.8324132561683655,
		0.8504340648651123,
		0.8470383286476135,
		0.8303647041320801,
		0.8489096164703369,
		0.8271604776382446,
		0.851954460144043,
		0.8542470932006836,
		0.8548100590705872,
		0.8464088439941406,
		0.8399182558059692,
		0.8495146036148071,
		0.8372583985328674,
		0.8562500476837158,
		0.8468932509422302,
		0.8465970158576965,
		0.8420501947402954,
		0.8506041765213013,
		0.8729038238525391
	],
	"train_loss_records": [
		2.6445610523223877,
		2.606548547744751,
		2.5925958156585693,
		2.586956024169922,
		2.601794958114624,
		2.5920329093933105,
		2.5748817920684814,
		2.580699920654297,
		2.579414129257202,
		2.5994620323181152,
		2.588778257369995,
		2.5779478549957275,
		2.572993040084839,
		2.5888779163360596,
		2.562859535217285,
		2.574458122253418,
		2.578378438949585,
		2.576066732406616,
		2.588209390640259,
		2.5777363777160645,
		2.5819482803344727,
		2.5712902545928955,
		2.585510730743408,
		2.5741472244262695,
		2.5752639770507812,
		2.5795845985412598,
		2.5737972259521484,
		2.582461357116699,
		2.5995733737945557,
		2.5787129402160645,
		2.5809309482574463,
		2.563593626022339,
		2.575202465057373,
		2.5793886184692383,
		2.577004909515381,
		2.5919206142425537,
		2.5613789558410645,
		2.5842249393463135,
		2.5768699645996094,
		2.5849485397338867,
		2.5966122150421143,
		2.585981607437134,
		2.5924746990203857,
		2.5744283199310303,
		2.5778300762176514,
		2.594494104385376,
		2.5760042667388916,
		2.597710132598877,
		2.5729269981384277,
		2.570624828338623,
		2.5700557231903076,
		2.578468084335327,
		2.5849502086639404,
		2.575359582901001,
		2.5876171588897705,
		2.5686094760894775,
		2.577958106994629,
		2.578287124633789,
		2.58284592628479,
		2.574244976043701,
		2.5519826412200928
	],
	"validation_acuuracy_records": [
		0.775362654678593,
		0.8164712425267646,
		0.8398294480233582,
		0.8399221393150114,
		0.8398294480233582,
		0.841915002085554,
		0.8421467303146869,
		0.8421467303146869,
		0.8421467303146869,
		0.8421467303146869,
		0.8422394216063401,
		0.8421467303146869,
		0.8421467303146869,
		0.8421467303146869,
		0.8452055429392409,
		0.8452518885850674,
		0.8452518885850674,
		0.8452518885850674,
		0.8452518885850674,
		0.8452518885850674,
		0.8452518885850674,
		0.8452518885850674,
		0.8452518885850674,
		0.8452518885850674,
		0.8452518885850674,
		0.8452518885850674,
		0.8452518885850674,
		0.8452518885850674,
		0.8452518885850674,
		0.8452518885850674,
		0.8452518885850674,
		0.8452518885850674,
		0.8452518885850674,
		0.8452518885850674,
		0.8452518885850674,
		0.8452518885850674,
		0.8452518885850674,
		0.8452518885850674,
		0.8452518885850674,
		0.8452518885850674,
		0.8452518885850674,
		0.8452518885850674,
		0.8452518885850674,
		0.8452518885850674,
		0.8452518885850674,
		0.8452518885850674,
		0.8452518885850674,
		0.8452518885850674,
		0.8452518885850674,
		0.8452518885850674,
		0.8452518885850674,
		0.8452518885850674,
		0.8452518885850674,
		0.8452518885850674,
		0.8452518885850674,
		0.8452518885850674,
		0.8452518885850674,
		0.8452518885850674,
		0.8452518885850674,
		0.8452518885850674,
		0.8452518885850674
	],
	"validation_loss_records": [
		2.6496798992156982,
		2.6099562644958496,
		2.5854761600494385,
		2.5849382877349854,
		2.5858664512634277,
		2.5838401317596436,
		2.582707643508911,
		2.5827388763427734,
		2.5832018852233887,
		2.5831620693206787,
		2.5829410552978516,
		2.582934856414795,
		2.5829644203186035,
		2.5831027030944824,
		2.5796444416046143,
		2.5804309844970703,
		2.5801899433135986,
		2.580353260040283,
		2.5796022415161133,
		2.5800371170043945,
		2.5797057151794434,
		2.5796866416931152,
		2.5796959400177,
		2.5798494815826416,
		2.579768419265747,
		2.5796632766723633,
		2.5800602436065674,
		2.579828977584839,
		2.5798826217651367,
		2.57993745803833,
		2.5796852111816406,
		2.579941987991333,
		2.5798988342285156,
		2.5797946453094482,
		2.580329656600952,
		2.5798494815826416,
		2.579911947250366,
		2.5799942016601562,
		2.579932928085327,
		2.579608678817749,
		2.5797336101531982,
		2.580231189727783,
		2.5797340869903564,
		2.579636812210083,
		2.5799930095672607,
		2.5800509452819824,
		2.5796303749084473,
		2.579862594604492,
		2.5804245471954346,
		2.5797135829925537,
		2.579902410507202,
		2.5799479484558105,
		2.5798938274383545,
		2.5797343254089355,
		2.5800344944000244,
		2.5800564289093018,
		2.5801279544830322,
		2.5800068378448486,
		2.580103874206543,
		2.5797433853149414,
		2.5805294513702393
	]
}