{
	"train_accuracy_records": [
		0.6674679517745972,
		0.6576051712036133,
		0.6175265908241272,
		0.6571642756462097,
		0.6478180289268494,
		0.6813353300094604,
		0.7271548509597778,
		0.7283861637115479,
		0.7319148778915405,
		0.7217612862586975,
		0.7370544672012329,
		0.7405660152435303,
		0.7350667715072632,
		0.7438016533851624,
		0.7100290656089783,
		0.7214386463165283
	],
	"train_loss_records": [
		3.0401294231414795,
		3.049574851989746,
		3.0896339416503906,
		3.0499815940856934,
		3.058368444442749,
		3.0255184173583984,
		2.9791083335876465,
		2.9782209396362305,
		2.9746062755584717,
		2.9849660396575928,
		2.96995210647583,
		2.9661600589752197,
		2.971595048904419,
		2.9626340866088867,
		2.9966816902160645,
		2.9850716590881348
	],
	"validation_acuuracy_records": [
		0.6056805849075317,
		0.6668474078178406,
		0.6536638140678406,
		0.6763063073158264,
		0.6983339190483093,
		0.7242240309715271,
		0.7325229644775391,
		0.7363335490226746,
		0.7369483709335327,
		0.739553689956665,
		0.7355111837387085,
		0.7411147952079773,
		0.7401645183563232,
		0.7366867661476135,
		0.737067699432373,
		0.7412008047103882
	],
	"validation_loss_records": [
		3.1008715629577637,
		3.0396718978881836,
		3.053105354309082,
		3.0302622318267822,
		3.008220911026001,
		2.9824419021606445,
		2.9746766090393066,
		2.9703521728515625,
		2.9697341918945312,
		2.9670357704162598,
		2.971001386642456,
		2.965557098388672,
		2.9665045738220215,
		2.9698984622955322,
		2.969674825668335,
		2.9655933380126953
	]
}