{
	"train_accuracy_records": [
		0.7941176891326904,
		0.7941176891326904,
		0.7156863212585449,
		0.7843137383460999,
		0.774509847164154,
		0.7549020051956177,
		0.8333333730697632
	],
	"train_loss_records": [
		0.4690207839012146,
		0.47556740045547485,
		0.5812324285507202,
		0.5201659798622131,
		0.5078826546669006,
		0.48638513684272766,
		0.444131463766098
	],
	"validation_acuuracy_records": [
		0.6538461538461539,
		0.7051282051282052,
		0.6538461538461539,
		0.6923076923076923,
		0.6794871794871795,
		0.6794871794871795,
		0.6794871794871795
	],
	"validation_loss_records": [
		0.6011056900024414,
		0.5595536231994629,
		0.5638497471809387,
		0.5525282621383667,
		0.5854434370994568,
		0.6055879592895508,
		0.6032118201255798
	]
}