{
	"train_accuracy_records": [
		0.7479838728904724,
		0.6376007795333862,
		0.7450457215309143,
		0.7087862491607666,
		0.757472813129425,
		0.642307698726654,
		0.6583333611488342,
		0.7580000162124634
	],
	"train_loss_records": [
		3.39888334274292,
		3.258151054382324,
		3.079216957092285,
		2.9774930477142334,
		2.8242697715759277,
		2.852785348892212,
		2.762206792831421,
		2.539153575897217
	],
	"validation_acuuracy_records": [
		0.7418163418769836,
		0.7196553945541382,
		0.7182891368865967,
		0.7251731753349304,
		0.7190789580345154,
		0.7175547480583191,
		0.7213121056556702,
		0.7217001914978027
	],
	"validation_loss_records": [
		3.395543336868286,
		3.2241129875183105,
		3.0870587825775146,
		2.962719678878784,
		2.8557207584381104,
		2.7653393745422363,
		2.672980785369873,
		2.5874853134155273
	]
}