{
	"train_accuracy_records": [
		0.7973684668540955,
		0.8257142901420593,
		0.8074712753295898,
		0.8320000171661377,
		0.8126800656318665,
		0.8151260614395142,
		0.8089552521705627,
		0.8096676468849182,
		0.8399999737739563,
		0.822857141494751,
		0.8262032270431519,
		0.8057142496109009,
		0.8169013857841492,
		0.835579514503479,
		0.8095238208770752,
		0.8254847526550293,
		0.8365122675895691,
		0.819767415523529,
		0.8355437517166138,
		0.8161559700965881,
		0.8097982406616211,
		0.8292011022567749,
		0.817415714263916,
		0.8257142901420593,
		0.8320413827896118,
		0.831932783126831,
		0.8342105746269226,
		0.8310992121696472,
		0.8377659320831299,
		0.8288043737411499,
		0.833773136138916,
		0.8429319262504578,
		0.8189414739608765,
		0.8148148059844971,
		0.8274932503700256,
		0.8403141498565674,
		0.8281689882278442,
		0.8531073331832886,
		0.8221574425697327,
		0.847769021987915,
		0.8181818127632141,
		0.847769021987915,
		0.8450704216957092,
		0.8292683362960815,
		0.8248587846755981,
		0.8425197005271912,
		0.8360214829444885,
		0.8254847526550293,
		0.8171091675758362,
		0.8378378748893738,
		0.8422459959983826,
		0.8370786309242249,
		0.8328690528869629,
		0.8274853825569153,
		0.8186968564987183,
		0.832402229309082,
		0.8346666693687439,
		0.8333333134651184,
		0.8025078177452087,
		0.8376963138580322,
		0.8279883861541748,
		0.8207283020019531,
		0.8376068472862244,
		0.8387978076934814,
		0.8605263233184814,
		0.8426666855812073,
		0.8370786309242249,
		0.8409703373908997,
		0.8402203917503357,
		0.8390501737594604,
		0.8310248851776123,
		0.8211143612861633,
		0.8382748961448669,
		0.8397790193557739,
		0.824362576007843,
		0.8275861740112305,
		0.8428184390068054,
		0.8444444537162781,
		0.846368670463562,
		0.8309859037399292,
		0.8471850156784058,
		0.8226600885391235
	],
	"train_loss_records": [
		1.8911330699920654,
		1.8633768558502197,
		1.8816198110580444,
		1.8570913076400757,
		1.8764115571975708,
		1.8739646673202515,
		1.8801355361938477,
		1.8794231414794922,
		1.8490904569625854,
		1.8662338256835938,
		1.862888216972351,
		1.88313889503479,
		1.8722002506256104,
		1.8535120487213135,
		1.87956964969635,
		1.8636252880096436,
		1.852579116821289,
		1.8693245649337769,
		1.8544631004333496,
		1.8729356527328491,
		1.8792914152145386,
		1.859930396080017,
		1.8716750144958496,
		1.8633769750595093,
		1.857048749923706,
		1.857159972190857,
		1.854889988899231,
		1.85799241065979,
		1.851324200630188,
		1.8608287572860718,
		1.8553168773651123,
		1.8461604118347168,
		1.870148777961731,
		1.8742755651474,
		1.8615972995758057,
		1.8487763404846191,
		1.8610035181045532,
		1.8359837532043457,
		1.8669333457946777,
		1.8413262367248535,
		1.8709094524383545,
		1.8413219451904297,
		1.844020962715149,
		1.8598228693008423,
		1.8642324209213257,
		1.8465733528137207,
		1.8530710935592651,
		1.8636051416397095,
		1.8719817399978638,
		1.8512530326843262,
		1.846846580505371,
		1.8520128726959229,
		1.8562227487564087,
		1.8616050481796265,
		1.8703943490982056,
		1.8566893339157104,
		1.8544245958328247,
		1.8557568788528442,
		1.886582374572754,
		1.8514695167541504,
		1.8611077070236206,
		1.8683651685714722,
		1.8514878749847412,
		1.8503572940826416,
		1.8285647630691528,
		1.8464243412017822,
		1.852013349533081,
		1.8481239080429077,
		1.8468600511550903,
		1.8500444889068604,
		1.8580666780471802,
		1.8679770231246948,
		1.850816249847412,
		1.849312663078308,
		1.864728331565857,
		1.8615071773529053,
		1.8462737798690796,
		1.8446462154388428,
		1.8427281379699707,
		1.858104944229126,
		1.8419125080108643,
		1.8663133382797241
	],
	"validation_acuuracy_records": [
		0.7943060398101807,
		0.8218152523040771,
		0.8217800259590149,
		0.8245012760162354,
		0.8244433999061584,
		0.8245245814323425,
		0.8244321346282959,
		0.8245579600334167,
		0.8244912028312683,
		0.8246088027954102,
		0.8169305920600891,
		0.816990315914154,
		0.8253698348999023,
		0.824368953704834,
		0.8244583010673523,
		0.8246365189552307,
		0.8245074152946472,
		0.8245049118995667,
		0.8225796818733215,
		0.825371265411377,
		0.8254027366638184,
		0.825218677520752,
		0.8254112005233765,
		0.825456976890564,
		0.8252682089805603,
		0.8252748250961304,
		0.825333297252655,
		0.8243963718414307,
		0.8244373798370361,
		0.8245379328727722,
		0.8244258761405945,
		0.8245053887367249,
		0.8243730664253235,
		0.8246220350265503,
		0.824411153793335,
		0.8246279954910278,
		0.8244084715843201,
		0.82891446352005,
		0.8290724754333496,
		0.8289583325386047,
		0.8290725946426392,
		0.8290018439292908,
		0.8289955854415894,
		0.8289247155189514,
		0.8288865685462952,
		0.8299821615219116,
		0.8290429711341858,
		0.8291116952896118,
		0.8289482593536377,
		0.829197347164154,
		0.8289178013801575,
		0.8292220234870911,
		0.8290103077888489,
		0.8290609121322632,
		0.8290937542915344,
		0.8290206789970398,
		0.8289284110069275,
		0.8289121985435486,
		0.8288746476173401,
		0.8289047479629517,
		0.8289753198623657,
		0.8289586305618286,
		0.8289626240730286,
		0.8290436863899231,
		0.8289892077445984,
		0.8289012312889099,
		0.8290286064147949,
		0.8288570642471313,
		0.8298975229263306,
		0.8288969397544861,
		0.828822672367096,
		0.8291827440261841,
		0.8287999033927917,
		0.829153835773468,
		0.8290606737136841,
		0.8289740681648254,
		0.8291882276535034,
		0.8287381529808044,
		0.829796552658081,
		0.8297573924064636,
		0.8287944197654724,
		0.8288587331771851
	],
	"validation_loss_records": [
		1.8941009044647217,
		1.867274522781372,
		1.8673099279403687,
		1.8645882606506348,
		1.8646464347839355,
		1.864565134048462,
		1.8646575212478638,
		1.8645317554473877,
		1.8645985126495361,
		1.8644808530807495,
		1.8721576929092407,
		1.8718897104263306,
		1.8637255430221558,
		1.8647207021713257,
		1.8646316528320312,
		1.8644577264785767,
		1.8645823001861572,
		1.8645849227905273,
		1.8665130138397217,
		1.8637182712554932,
		1.8636868000030518,
		1.863891839981079,
		1.863678216934204,
		1.8636325597763062,
		1.8638213872909546,
		1.8638157844543457,
		1.8637579679489136,
		1.864693522453308,
		1.864652156829834,
		1.8645516633987427,
		1.8646637201309204,
		1.8645843267440796,
		1.8647164106369019,
		1.8644676208496094,
		1.8646785020828247,
		1.8644616603851318,
		1.864945888519287,
		1.8601750135421753,
		1.86001718044281,
		1.8601312637329102,
		1.8600170612335205,
		1.8600876331329346,
		1.8600939512252808,
		1.8601652383804321,
		1.8602030277252197,
		1.8591076135635376,
		1.860046625137329,
		1.8599778413772583,
		1.860141396522522,
		1.8598921298980713,
		1.8601720333099365,
		1.8598675727844238,
		1.860079288482666,
		1.8600287437438965,
		1.8599958419799805,
		1.8600690364837646,
		1.8601610660552979,
		1.8601775169372559,
		1.8602149486541748,
		1.860185146331787,
		1.8601144552230835,
		1.8601309061050415,
		1.8601269721984863,
		1.8600494861602783,
		1.8601003885269165,
		1.8601887226104736,
		1.8600610494613647,
		1.8602327108383179,
		1.8592065572738647,
		1.8601927757263184,
		1.860266923904419,
		1.8599070310592651,
		1.8602896928787231,
		1.8599357604980469,
		1.8600289821624756,
		1.8601157665252686,
		1.8599014282226562,
		1.8603515625,
		1.8592942953109741,
		1.8593323230743408,
		1.8602960109710693,
		1.860231876373291
	]
}