{
	"train_accuracy_records": [
		0.6960784196853638,
		0.686274528503418,
		0.5784313678741455,
		0.6666666865348816,
		0.6372548937797546,
		0.6274510025978088,
		0.6176470518112183,
		0.656862735748291,
		0.6078431010246277,
		0.6078431010246277,
		0.6960784196853638,
		0.6274510025978088
	],
	"train_loss_records": [
		30.39215850830078,
		31.37255096435547,
		42.156864166259766,
		33.333335876464844,
		36.27450942993164,
		37.25490188598633,
		38.235294342041016,
		34.31372833251953,
		39.2156867980957,
		39.2156867980957,
		30.39215850830078,
		37.25490188598633
	],
	"validation_acuuracy_records": [
		0.6410256624221802,
		0.6410256624221802,
		0.6410256624221802,
		0.6410256624221802,
		0.6410256624221802,
		0.6410256624221802,
		0.6410256624221802,
		0.6410256624221802,
		0.6410256624221802,
		0.6410256624221802,
		0.6410256624221802,
		0.6410256624221802
	],
	"validation_loss_records": [
		35.897438049316406,
		35.897438049316406,
		35.897438049316406,
		35.897438049316406,
		35.897438049316406,
		35.897438049316406,
		35.897438049316406,
		35.897438049316406,
		35.897438049316406,
		35.897438049316406,
		35.897438049316406,
		35.897438049316406
	]
}