{
	"train_accuracy_records": [
		0.8458390235900879,
		0.8589041233062744,
		0.8511236310005188,
		0.8636363744735718,
		0.866108775138855,
		0.8649386167526245,
		0.8735955357551575,
		0.8778409361839294,
		0.8601399064064026,
		0.8790435791015625,
		0.8541666865348816,
		0.862500011920929,
		0.875,
		0.8367347121238708,
		0.8553888201713562,
		0.8242343068122864,
		0.8672316670417786,
		0.8589562773704529,
		0.8655462265014648,
		0.8365650773048401,
		0.8706047534942627,
		0.850208044052124,
		0.8573388457298279,
		0.8674189448356628,
		0.8506849408149719,
		0.8559556603431702,
		0.8723403811454773,
		0.8508287668228149,
		0.8605664372444153,
		0.8404825925827026,
		0.8470906019210815,
		0.8661971688270569,
		0.8371466994285583,
		0.866946816444397,
		0.8452220559120178,
		0.8631284832954407,
		0.8484848737716675,
		0.8556005358695984,
		0.8926553726196289,
		0.8484005928039551,
		0.8520548343658447,
		0.8557823300361633,
		0.8824362754821777,
		0.8949640393257141,
		0.8686030507087708,
		0.852573037147522,
		0.8658192157745361,
		0.8575342893600464,
		0.8794835209846497,
		0.8849431872367859,
		0.843537449836731,
		0.8748241662979126,
		0.8555708527565002,
		0.8595041632652283,
		0.8396226167678833,
		0.8528610467910767,
		0.8527777791023254,
		0.8497758507728577
	],
	"train_loss_records": [
		2.08558988571167,
		2.0736825466156006,
		2.0823423862457275,
		2.068359136581421,
		2.0655229091644287,
		2.066149950027466,
		2.059462070465088,
		2.053769826889038,
		2.070587635040283,
		2.053464651107788,
		2.078925132751465,
		2.0681729316711426,
		2.0585715770721436,
		2.09608793258667,
		2.0764694213867188,
		2.108572006225586,
		2.064237356185913,
		2.074519395828247,
		2.0654518604278564,
		2.0944199562072754,
		2.0621001720428467,
		2.082620620727539,
		2.075004816055298,
		2.066229820251465,
		2.0827128887176514,
		2.0766232013702393,
		2.0590691566467285,
		2.079735040664673,
		2.071366786956787,
		2.092005968093872,
		2.0833168029785156,
		2.065401077270508,
		2.0947303771972656,
		2.0680091381073,
		2.0908331871032715,
		2.0703141689300537,
		2.0844125747680664,
		2.076322317123413,
		2.040182113647461,
		2.085951805114746,
		2.0818674564361572,
		2.0755221843719482,
		2.04978609085083,
		2.038037061691284,
		2.0640628337860107,
		2.0793426036834717,
		2.0665431022644043,
		2.074206829071045,
		2.0530824661254883,
		2.04715633392334,
		2.0870890617370605,
		2.0581400394439697,
		2.075788974761963,
		2.0731921195983887,
		2.0912601947784424,
		2.079025983810425,
		2.0808050632476807,
		2.084397315979004
	],
	"validation_acuuracy_records": [
		0.8678877630553391,
		0.8678877630553391,
		0.8682774746687452,
		0.8682774746687452,
		0.8682774746687452,
		0.8682774746687452,
		0.8682774746687452,
		0.8682774746687452,
		0.8682774746687452,
		0.8682774746687452,
		0.8682774746687452,
		0.8682774746687452,
		0.8682774746687452,
		0.8682774746687452,
		0.8682774746687452,
		0.8682774746687452,
		0.8682774746687452,
		0.8682774746687452,
		0.8682774746687452,
		0.8682774746687452,
		0.8682774746687452,
		0.8682774746687452,
		0.8682774746687452,
		0.8682774746687452,
		0.8682774746687452,
		0.8682774746687452,
		0.8682774746687452,
		0.8682774746687452,
		0.8682774746687452,
		0.8682774746687452,
		0.8682774746687452,
		0.8682774746687452,
		0.8682774746687452,
		0.8682774746687452,
		0.8682774746687452,
		0.8682774746687452,
		0.8682774746687452,
		0.8682774746687452,
		0.8682774746687452,
		0.8682774746687452,
		0.8682774746687452,
		0.8682774746687452,
		0.8682774746687452,
		0.8682774746687452,
		0.8682774746687452,
		0.8682774746687452,
		0.8682774746687452,
		0.8682774746687452,
		0.8682774746687452,
		0.8682774746687452,
		0.8682774746687452,
		0.8682774746687452,
		0.8682774746687452,
		0.8682774746687452,
		0.8682774746687452,
		0.8682774746687452,
		0.8682774746687452,
		0.8682774746687452
	],
	"validation_loss_records": [
		2.0706660747528076,
		2.0634515285491943,
		2.063178300857544,
		2.062309503555298,
		2.0628368854522705,
		2.0626838207244873,
		2.0627052783966064,
		2.062809467315674,
		2.063063621520996,
		2.0624279975891113,
		2.0625438690185547,
		2.0620033740997314,
		2.063229560852051,
		2.062746524810791,
		2.0624420642852783,
		2.062274932861328,
		2.062852144241333,
		2.0625782012939453,
		2.062608480453491,
		2.0630295276641846,
		2.0627901554107666,
		2.062645196914673,
		2.062666893005371,
		2.062852382659912,
		2.062938928604126,
		2.0627143383026123,
		2.0625874996185303,
		2.0622334480285645,
		2.062779664993286,
		2.062666416168213,
		2.0623152256011963,
		2.0626778602600098,
		2.062777042388916,
		2.062690258026123,
		2.062889575958252,
		2.0625860691070557,
		2.06276273727417,
		2.0626442432403564,
		2.062415838241577,
		2.0627264976501465,
		2.0629072189331055,
		2.0625901222229004,
		2.062776565551758,
		2.062645435333252,
		2.0619733333587646,
		2.0626518726348877,
		2.062849521636963,
		2.062347173690796,
		2.0626895427703857,
		2.0628151893615723,
		2.062307119369507,
		2.062875509262085,
		2.0626182556152344,
		2.0626022815704346,
		2.062626361846924,
		2.062852144241333,
		2.063074827194214,
		2.0625784397125244
	]
}