{
	"train_accuracy_records": [
		0.6724537014961243,
		0.7777343988418579,
		0.7240384817123413,
		0.6888786554336548,
		0.8212500214576721,
		0.7845051884651184,
		0.8183876872062683,
		0.6981803774833679
	],
	"train_loss_records": [
		3.4200801849365234,
		3.2241809368133545,
		3.1043522357940674,
		3.018981695175171,
		2.784297466278076,
		2.711127281188965,
		2.5739312171936035,
		2.6548478603363037
	],
	"validation_acuuracy_records": [
		0.7740249037742615,
		0.742059588432312,
		0.7161650657653809,
		0.7175894975662231,
		0.7143197059631348,
		0.7242414951324463,
		0.7191317677497864,
		0.715364933013916
	],
	"validation_loss_records": [
		3.3985097408294678,
		3.236396074295044,
		3.10699462890625,
		2.9887335300445557,
		2.882495880126953,
		2.7804982662200928,
		2.6975317001342773,
		2.6269640922546387
	]
}