{
	"train_accuracy_records": [
		0.8252788186073303,
		0.8369470834732056,
		0.8646482825279236,
		0.8730158805847168,
		0.8448132872581482,
		0.8715659379959106,
		0.8640611171722412,
		0.8590982556343079,
		0.8537439107894897,
		0.850220263004303,
		0.8494235873222351,
		0.8434650301933289,
		0.8517665266990662,
		0.8597685694694519,
		0.8453608155250549,
		0.867399275302887
	],
	"train_loss_records": [
		2.8815977573394775,
		2.8698251247406006,
		2.842167377471924,
		2.8337738513946533,
		2.8620824813842773,
		2.8351144790649414,
		2.8426761627197266,
		2.8476221561431885,
		2.8529741764068604,
		2.8563098907470703,
		2.8572933673858643,
		2.863220453262329,
		2.854936122894287,
		2.8466787338256836,
		2.8613228797912598,
		2.839287042617798
	],
	"validation_acuuracy_records": [
		0.8276036381721497,
		0.8561272621154785,
		0.8567306399345398,
		0.8605431318283081,
		0.8585312962532043,
		0.8609254956245422,
		0.860715925693512,
		0.8604584336280823,
		0.8588615655899048,
		0.859871506690979,
		0.861623227596283,
		0.8619040846824646,
		0.8617501258850098,
		0.8613914251327515,
		0.8606223464012146,
		0.8612353801727295
	],
	"validation_loss_records": [
		2.8789219856262207,
		2.8505778312683105,
		2.8499486446380615,
		2.8462283611297607,
		2.848281145095825,
		2.8457653522491455,
		2.845979690551758,
		2.84624981880188,
		2.847813129425049,
		2.846806049346924,
		2.845064401626587,
		2.8447723388671875,
		2.8449556827545166,
		2.8453400135040283,
		2.8460702896118164,
		2.8454363346099854
	]
}