{
	"train_accuracy_records": [
		0.8439245820045471,
		0.8461258411407471,
		0.860918402671814,
		0.868106484413147,
		0.8620811104774475,
		0.8651766180992126,
		0.8603718876838684,
		0.8578601479530334,
		0.8651942610740662,
		0.8610575199127197,
		0.8538126945495605,
		0.8658946752548218,
		0.8617587089538574,
		0.855278730392456,
		0.8479532599449158,
		0.8631897568702698
	],
	"train_loss_records": [
		2.8629584312438965,
		2.8605802059173584,
		2.84576678276062,
		2.838627338409424,
		2.8445920944213867,
		2.841512680053711,
		2.8463070392608643,
		2.8488190174102783,
		2.841482400894165,
		2.845620632171631,
		2.8528525829315186,
		2.8407857418060303,
		2.8449127674102783,
		2.8513987064361572,
		2.858705759048462,
		2.8434765338897705
	],
	"validation_acuuracy_records": [
		0.8432775576104506,
		0.8472038749449582,
		0.8582489358579187,
		0.8592396888301777,
		0.8592396888301777,
		0.8593497724937619,
		0.8593497724937619,
		0.8593497724937619,
		0.85938646704829,
		0.85938646704829,
		0.85938646704829,
		0.8595332452664025,
		0.8595332452664025,
		0.8594965507118744,
		0.8595332452664025,
		0.85938646704829
	],
	"validation_loss_records": [
		2.863356828689575,
		2.8596203327178955,
		2.848606824874878,
		2.847754955291748,
		2.8478736877441406,
		2.8474013805389404,
		2.847261428833008,
		2.8476028442382812,
		2.847341299057007,
		2.847566843032837,
		2.84743595123291,
		2.8474719524383545,
		2.8472671508789062,
		2.8475372791290283,
		2.8479034900665283,
		2.8473711013793945
	]
}