{
	"train_accuracy_records": [
		0.8226720690727234,
		0.8559591770172119,
		0.8518518805503845,
		0.8571428656578064,
		0.8556022047996521,
		0.8482207655906677,
		0.8580343127250671,
		0.8700854182243347,
		0.8622573018074036,
		0.8482328057289124,
		0.8476763963699341,
		0.8556897640228271,
		0.8615384697914124,
		0.849056601524353,
		0.8591012954711914,
		0.8629976511001587,
		0.8406515717506409,
		0.8633720874786377,
		0.8634441494941711,
		0.862097442150116,
		0.8590116500854492,
		0.8364372253417969,
		0.8487727642059326,
		0.8669695258140564,
		0.8518802523612976,
		0.8508523106575012,
		0.84325110912323,
		0.8496905565261841,
		0.839866578578949,
		0.8443017601966858,
		0.8448275923728943,
		0.8573540449142456,
		0.8568689823150635,
		0.8405559659004211,
		0.8404254913330078,
		0.8480286598205566,
		0.8543307185173035,
		0.8517759442329407,
		0.8452655673027039,
		0.8643183708190918,
		0.8563492298126221,
		0.8524930477142334,
		0.8577319383621216,
		0.8520452380180359,
		0.8463901877403259,
		0.8508208394050598,
		0.8361177444458008,
		0.84375,
		0.8496884703636169,
		0.857746422290802,
		0.8607361912727356,
		0.8520790934562683,
		0.8493589758872986,
		0.8575757145881653,
		0.8518024682998657,
		0.85431307554245,
		0.8449962139129639,
		0.855053186416626,
		0.8407493829727173,
		0.8517501354217529
	],
	"train_loss_records": [
		2.60199236869812,
		2.5689384937286377,
		2.573018789291382,
		2.5680906772613525,
		2.5693306922912598,
		2.576707601547241,
		2.5668325424194336,
		2.554776906967163,
		2.5620906352996826,
		2.5766282081604004,
		2.5771923065185547,
		2.5691819190979004,
		2.563335657119751,
		2.5758094787597656,
		2.5658347606658936,
		2.562188148498535,
		2.584218740463257,
		2.5614967346191406,
		2.561415433883667,
		2.563533067703247,
		2.565857172012329,
		2.5884346961975098,
		2.5760955810546875,
		2.5579071044921875,
		2.5731163024902344,
		2.5740129947662354,
		2.5816094875335693,
		2.575176954269409,
		2.5850086212158203,
		2.5805578231811523,
		2.5800390243530273,
		2.5675055980682373,
		2.5679972171783447,
		2.5843024253845215,
		2.5844459533691406,
		2.5768330097198486,
		2.5705294609069824,
		2.5731101036071777,
		2.579591989517212,
		2.5605411529541016,
		2.568510055541992,
		2.572415351867676,
		2.567145824432373,
		2.572817802429199,
		2.578484296798706,
		2.574038505554199,
		2.5887417793273926,
		2.5811166763305664,
		2.575176477432251,
		2.567113161087036,
		2.5641350746154785,
		2.5727810859680176,
		2.5755016803741455,
		2.567417860031128,
		2.57306170463562,
		2.570559024810791,
		2.579890251159668,
		2.569833278656006,
		2.5843045711517334,
		2.5731213092803955
	],
	"validation_acuuracy_records": [
		0.836226761341095,
		0.8493699431419373,
		0.8519834876060486,
		0.8520662188529968,
		0.850776195526123,
		0.8503471612930298,
		0.8517770767211914,
		0.8517703413963318,
		0.8517978191375732,
		0.8516184091567993,
		0.8515400886535645,
		0.8508709073066711,
		0.8521072268486023,
		0.8522022366523743,
		0.8514624834060669,
		0.851608157157898,
		0.8515464663505554,
		0.8514109253883362,
		0.8513712286949158,
		0.8517581820487976,
		0.8517189621925354,
		0.8518106937408447,
		0.8517095446586609,
		0.8518787026405334,
		0.8517518043518066,
		0.8516668081283569,
		0.8516672253608704,
		0.851999819278717,
		0.851825475692749,
		0.8514617681503296,
		0.8520455360412598,
		0.8513785600662231,
		0.8515463471412659,
		0.8517999649047852,
		0.8520059585571289,
		0.8516873717308044,
		0.8515226244926453,
		0.8517008423805237,
		0.8516610860824585,
		0.8513967990875244,
		0.8513516187667847,
		0.8514406681060791,
		0.8514068722724915,
		0.8512067198753357,
		0.8520554900169373,
		0.8520346879959106,
		0.8517681360244751,
		0.8518256545066833,
		0.8515368700027466,
		0.851870596408844,
		0.851982593536377,
		0.852138102054596,
		0.8519380688667297,
		0.8517928123474121,
		0.8515677452087402,
		0.8513044714927673,
		0.8519371151924133,
		0.851761519908905,
		0.8518192172050476,
		0.8513673543930054
	],
	"validation_loss_records": [
		2.5884766578674316,
		2.575430393218994,
		2.572875738143921,
		2.572808027267456,
		2.574082374572754,
		2.574514627456665,
		2.5730934143066406,
		2.5731253623962402,
		2.573317527770996,
		2.573220729827881,
		2.5733180046081543,
		2.5739901065826416,
		2.5727524757385254,
		2.5726499557495117,
		2.5734190940856934,
		2.573223829269409,
		2.5733118057250977,
		2.573427438735962,
		2.573462963104248,
		2.5742733478546143,
		2.5731515884399414,
		2.573042869567871,
		2.5731472969055176,
		2.5729899406433105,
		2.5732839107513428,
		2.5732033252716064,
		2.573194742202759,
		2.5728600025177,
		2.5730397701263428,
		2.5733914375305176,
		2.5727972984313965,
		2.573481321334839,
		2.573322057723999,
		2.573071241378784,
		2.5728464126586914,
		2.5731680393218994,
		2.573324203491211,
		2.5731470584869385,
		2.573168992996216,
		2.573467254638672,
		2.573500156402588,
		2.573409080505371,
		2.5734751224517822,
		2.573666572570801,
		2.572819232940674,
		2.5728156566619873,
		2.5730936527252197,
		2.573038101196289,
		2.5733425617218018,
		2.5729775428771973,
		2.5728564262390137,
		2.572721242904663,
		2.572906970977783,
		2.573080062866211,
		2.5732877254486084,
		2.5735597610473633,
		2.5729517936706543,
		2.5731208324432373,
		2.573029041290283,
		2.5734972953796387
	]
}