{
	"train_accuracy_records": [
		0.684210479259491,
		0.5,
		0.5789473652839661,
		0.5263157486915588,
		0.7105262875556946
	],
	"train_loss_records": [
		31.578947067260742,
		50.0,
		42.105262756347656,
		47.3684196472168,
		28.947368621826172
	],
	"validation_acuuracy_records": [
		0.6410256624221802,
		0.6410256624221802,
		0.6410256624221802,
		0.6410256624221802,
		0.6410256624221802
	],
	"validation_loss_records": [
		35.89743423461914,
		35.89743423461914,
		35.89743423461914,
		35.89743423461914,
		35.89743423461914
	]
}