{
	"train_accuracy_records": [
		0.9154929518699646,
		0.9718309640884399,
		0.9436619281768799,
		0.9577464461326599,
		0.9718309640884399,
		0.9295774698257446,
		0.9577464461326599,
		0.9577464461326599
	],
	"train_loss_records": [
		0.1930035501718521,
		0.1112474650144577,
		0.18943671882152557,
		0.13594049215316772,
		0.19171518087387085,
		0.26366478204727173,
		0.10645899921655655,
		0.12556642293930054
	],
	"validation_acuuracy_records": [
		0.9482758620689655,
		0.9482758620689655,
		0.9310344827586207,
		0.9482758620689655,
		0.9482758620689655,
		0.9482758620689655,
		0.9482758620689655,
		0.9482758620689655
	],
	"validation_loss_records": [
		0.15523278713226318,
		0.18172167241573334,
		0.21726565062999725,
		0.14374098181724548,
		0.1566188931465149,
		0.13727092742919922,
		0.169412299990654,
		0.13684390485286713
	]
}