{
	"train_accuracy_records": [
		0.8148667812347412,
		0.8328840732574463,
		0.8324397206306458
	],
	"train_loss_records": [
		1.8772839307785034,
		1.8621723651885986,
		1.8617820739746094
	],
	"validation_acuuracy_records": [
		0.8061900256791459,
		0.8221381267738883,
		0.8221381267738883
	],
	"validation_loss_records": [
		1.9171212911605835,
		1.8706339597702026,
		1.8700798749923706
	]
}