{
	"train_accuracy_records": [
		0.8296703696250916,
		0.8398914933204651,
		0.8051420450210571,
		0.8405797481536865,
		0.8312586545944214,
		0.8389261960983276,
		0.8363136053085327,
		0.8448042869567871,
		0.8410326242446899,
		0.834938108921051,
		0.8400556445121765,
		0.8111273646354675,
		0.8379120826721191
	],
	"train_loss_records": [
		1.859421730041504,
		1.849198818206787,
		1.8831877708435059,
		1.8484121561050415,
		1.857831597328186,
		1.8501648902893066,
		1.8527781963348389,
		1.8442864418029785,
		1.848059892654419,
		1.8541536331176758,
		1.8490341901779175,
		1.8779622316360474,
		1.8511786460876465
	],
	"validation_acuuracy_records": [
		0.8338964724962833,
		0.8338964724962833,
		0.8197053655899446,
		0.8301121773212596,
		0.8338964724962833,
		0.8338964724962833,
		0.8338964724962833,
		0.8338964724962833,
		0.8338964724962833,
		0.8338964724962833,
		0.8338964724962833,
		0.8338964724962833,
		0.8338964724962833
	],
	"validation_loss_records": [
		1.8552967309951782,
		1.8552385568618774,
		1.8695967197418213,
		1.8590166568756104,
		1.8554078340530396,
		1.8553166389465332,
		1.855289101600647,
		1.8553509712219238,
		1.855299472808838,
		1.8552765846252441,
		1.8553344011306763,
		1.8552567958831787,
		1.8553621768951416
	]
}