{
	"train_accuracy_records": [
		0.6764705777168274,
		0.6960784196853638,
		0.6176470518112183,
		0.6176470518112183,
		0.6176470518112183,
		0.6960784196853638,
		0.7156862616539001,
		0.6274510025978088,
		0.5980392098426819,
		0.5980392098426819,
		0.5490195751190186,
		0.5882352590560913,
		0.6470588445663452,
		0.686274528503418,
		0.5882352590560913,
		0.6764705777168274,
		0.6274510025978088,
		0.6666666865348816,
		0.6764705777168274,
		0.5784313678741455,
		0.686274528503418,
		0.5980392098426819,
		0.6470588445663452,
		0.7450980544090271,
		0.6960784196853638,
		0.6274510025978088,
		0.6372548937797546
	],
	"train_loss_records": [
		32.352943420410156,
		30.39215850830078,
		38.235294342041016,
		38.235294342041016,
		38.235294342041016,
		30.39215850830078,
		28.431373596191406,
		37.25490188598633,
		40.19607925415039,
		40.19607925415039,
		45.09804153442383,
		41.17647171020508,
		35.29412078857422,
		31.37255096435547,
		41.17647171020508,
		32.352943420410156,
		37.25490188598633,
		33.333335876464844,
		32.352943420410156,
		42.156864166259766,
		31.37255096435547,
		40.19607925415039,
		35.29412078857422,
		25.490196228027344,
		30.39215850830078,
		37.25490188598633,
		36.27450942993164
	],
	"validation_acuuracy_records": [
		0.6410256624221802,
		0.6410256624221802,
		0.6410256624221802,
		0.6410256624221802,
		0.6410256624221802,
		0.6410256624221802,
		0.6410256624221802,
		0.6410256624221802,
		0.6410256624221802,
		0.6410256624221802,
		0.6410256624221802,
		0.6410256624221802,
		0.6410256624221802,
		0.6410256624221802,
		0.6410256624221802,
		0.6410256624221802,
		0.6410256624221802,
		0.6410256624221802,
		0.6410256624221802,
		0.6410256624221802,
		0.6410256624221802,
		0.6410256624221802,
		0.6410256624221802,
		0.6410256624221802,
		0.6410256624221802,
		0.6410256624221802,
		0.6410256624221802
	],
	"validation_loss_records": [
		35.897438049316406,
		35.897438049316406,
		35.897438049316406,
		35.897438049316406,
		35.897438049316406,
		35.897438049316406,
		35.897438049316406,
		35.897438049316406,
		35.897438049316406,
		35.897438049316406,
		35.897438049316406,
		35.897438049316406,
		35.897438049316406,
		35.897438049316406,
		35.897438049316406,
		35.897438049316406,
		35.897438049316406,
		35.897438049316406,
		35.897438049316406,
		35.897438049316406,
		35.897438049316406,
		35.897438049316406,
		35.897438049316406,
		35.897438049316406,
		35.897438049316406,
		35.897438049316406,
		35.897438049316406
	]
}