{
	"train_accuracy_records": [
		0.7450980544090271,
		0.8039215803146362,
		0.8039215803146362,
		0.7941176891326904,
		0.843137264251709
	],
	"train_loss_records": [
		0.5372687578201294,
		0.5001380443572998,
		0.5168948173522949,
		0.4713497757911682,
		0.40474140644073486
	],
	"validation_acuuracy_records": [
		0.7435897435897436,
		0.6794871794871795,
		0.6923076923076923,
		0.6666666666666666,
		0.6666666666666666
	],
	"validation_loss_records": [
		0.5667004585266113,
		0.5791947841644287,
		0.5698617696762085,
		0.5539304614067078,
		0.5667575001716614
	]
}