{
	"train_accuracy_records": [
		0.8178070783615112,
		0.8259231448173523,
		0.8422619104385376,
		0.854586124420166,
		0.8509196639060974,
		0.8444778323173523,
		0.8446511626243591,
		0.8508946895599365,
		0.8474178314208984,
		0.8507126569747925,
		0.8555334806442261,
		0.844887375831604,
		0.8516082167625427,
		0.8495645523071289,
		0.8463302850723267,
		0.8593049645423889
	],
	"train_loss_records": [
		2.8897757530212402,
		2.880810022354126,
		2.8643245697021484,
		2.8524951934814453,
		2.8557565212249756,
		2.86204195022583,
		2.861903190612793,
		2.8557705879211426,
		2.859320878982544,
		2.855968475341797,
		2.851163864135742,
		2.8619344234466553,
		2.855184316635132,
		2.8571343421936035,
		2.8604023456573486,
		2.8472375869750977
	],
	"validation_acuuracy_records": [
		0.8274372220039368,
		0.8380087614059448,
		0.8446489572525024,
		0.8488025665283203,
		0.8504853844642639,
		0.8522565364837646,
		0.8483815789222717,
		0.8521599769592285,
		0.8524039387702942,
		0.8511706590652466,
		0.8527514338493347,
		0.8520780205726624,
		0.8505285382270813,
		0.8512082099914551,
		0.8504084944725037,
		0.8526738882064819
	],
	"validation_loss_records": [
		2.87914776802063,
		2.8685946464538574,
		2.861956834793091,
		2.8578734397888184,
		2.856283187866211,
		2.854417324066162,
		2.858304023742676,
		2.8544840812683105,
		2.8542683124542236,
		2.8555071353912354,
		2.853921413421631,
		2.8545994758605957,
		2.8562231063842773,
		2.855512857437134,
		2.8562662601470947,
		2.8540191650390625
	]
}