{
	"train_accuracy_records": [
		0.8300282955169678,
		0.8415583968162537,
		0.8255813717842102,
		0.8404254913330078,
		0.8461538553237915,
		0.840782105922699,
		0.817365288734436,
		0.8186968564987183,
		0.84375,
		0.8233533501625061,
		0.8200590014457703,
		0.8543417453765869,
		0.8372781276702881,
		0.8255813717842102,
		0.8166189193725586,
		0.8197183012962341,
		0.8357771039009094,
		0.8252688050270081,
		0.8296089172363281,
		0.8485639691352844,
		0.8136094808578491,
		0.8530927300453186,
		0.8366196751594543,
		0.8421052694320679,
		0.8440859913825989,
		0.849056601524353,
		0.821529746055603,
		0.8552972078323364,
		0.8367875218391418,
		0.8391421437263489,
		0.8067484498023987,
		0.8530183434486389,
		0.8360655307769775,
		0.8544973134994507,
		0.8412697911262512,
		0.8179104328155518,
		0.8333333134651184,
		0.8494898080825806,
		0.8548812866210938,
		0.8443272113800049,
		0.8258706331253052,
		0.8257142901420593,
		0.8299711346626282,
		0.8528610467910767,
		0.8474114537239075,
		0.8497536778450012,
		0.8360214829444885,
		0.8403361439704895,
		0.8409091234207153,
		0.8323863744735718,
		0.8459459543228149,
		0.8304093480110168,
		0.8513513803482056,
		0.8442211151123047,
		0.8543210029602051,
		0.8360214829444885,
		0.8459459543228149,
		0.8463541865348816,
		0.8306010961532593,
		0.8446866273880005,
		0.822857141494751,
		0.8463768362998962,
		0.8240222930908203,
		0.8445040583610535,
		0.8310248851776123,
		0.8447368741035461,
		0.8333333134651184,
		0.8323863744735718,
		0.821529746055603,
		0.8388059735298157,
		0.8447368741035461,
		0.8365122675895691,
		0.8273972868919373,
		0.8245125412940979,
		0.8493151068687439,
		0.8494623899459839,
		0.8370165824890137,
		0.8507041931152344,
		0.8248587846755981,
		0.824324369430542,
		0.8289855122566223,
		0.8357487916946411
	],
	"train_loss_records": [
		1.8590670824050903,
		1.8475422859191895,
		1.8635096549987793,
		1.8486685752868652,
		1.8429397344589233,
		1.8483078479766846,
		1.871724009513855,
		1.870392918586731,
		1.8453400135040283,
		1.8657366037368774,
		1.869030475616455,
		1.8347482681274414,
		1.8518112897872925,
		1.8635079860687256,
		1.872470498085022,
		1.8693710565567017,
		1.853312611579895,
		1.8638206720352173,
		1.8594807386398315,
		1.840527057647705,
		1.8754799365997314,
		1.835997462272644,
		1.8524701595306396,
		1.8469843864440918,
		1.8450038433074951,
		1.8400330543518066,
		1.8675599098205566,
		1.8337925672531128,
		1.852302074432373,
		1.8499475717544556,
		1.882340908050537,
		1.836071252822876,
		1.8530241250991821,
		1.8345924615859985,
		1.8478202819824219,
		1.8711786270141602,
		1.8557560443878174,
		1.8395999670028687,
		1.8342084884643555,
		1.8447626829147339,
		1.8632190227508545,
		1.863375186920166,
		1.8591183423995972,
		1.836228847503662,
		1.8416789770126343,
		1.8393354415893555,
		1.8530683517456055,
		1.848753571510315,
		1.8481804132461548,
		1.856703519821167,
		1.8431439399719238,
		1.858680009841919,
		1.8377383947372437,
		1.844868540763855,
		1.8347686529159546,
		1.853068232536316,
		1.8431439399719238,
		1.8427354097366333,
		1.85848867893219,
		1.8444029092788696,
		1.86623215675354,
		1.84271240234375,
		1.8650671243667603,
		1.84458589553833,
		1.8580646514892578,
		1.8443528413772583,
		1.8557560443878174,
		1.8567031621932983,
		1.867559790611267,
		1.8502832651138306,
		1.8443529605865479,
		1.852577805519104,
		1.8616923093795776,
		1.8645769357681274,
		1.83977472782135,
		1.8396275043487549,
		1.852072834968567,
		1.8383855819702148,
		1.8642308712005615,
		1.8647652864456177,
		1.8601042032241821,
		1.8533412218093872
	],
	"validation_acuuracy_records": [
		0.8287388682365417,
		0.8290994167327881,
		0.8291270136833191,
		0.829147219657898,
		0.8290210366249084,
		0.8290696740150452,
		0.829116940498352,
		0.828917920589447,
		0.8290871381759644,
		0.828865647315979,
		0.8288569450378418,
		0.829084038734436,
		0.8291293382644653,
		0.8290767073631287,
		0.8288735151290894,
		0.8291255831718445,
		0.8290650248527527,
		0.8289808034896851,
		0.828998863697052,
		0.8289616107940674,
		0.8288673758506775,
		0.8290064930915833,
		0.828869640827179,
		0.8290258049964905,
		0.8289771676063538,
		0.8288936018943787,
		0.8290945887565613,
		0.8288873434066772,
		0.8291387557983398,
		0.8290284872055054,
		0.8290167450904846,
		0.8291338086128235,
		0.8285914063453674,
		0.8290407061576843,
		0.8289292454719543,
		0.8291031718254089,
		0.8289960622787476,
		0.8288494944572449,
		0.8290877938270569,
		0.8288352489471436,
		0.828862190246582,
		0.8291592597961426,
		0.8290174007415771,
		0.8289535045623779,
		0.8290726542472839,
		0.8291422724723816,
		0.8289855718612671,
		0.829030454158783,
		0.8288704752922058,
		0.8289854526519775,
		0.8289904594421387,
		0.8286622166633606,
		0.8289565443992615,
		0.8291391134262085,
		0.8291460871696472,
		0.8291191458702087,
		0.8291453719139099,
		0.8290449976921082,
		0.8290102481842041,
		0.8290368914604187,
		0.8288883566856384,
		0.8290648460388184,
		0.8288334012031555,
		0.8288180828094482,
		0.8289377689361572,
		0.829178512096405,
		0.8290901780128479,
		0.8290700912475586,
		0.8290360569953918,
		0.8290857076644897,
		0.8290620446205139,
		0.8291051983833313,
		0.8289604783058167,
		0.8288818597793579,
		0.829174816608429,
		0.8287431597709656,
		0.8288810849189758,
		0.8289300799369812,
		0.8291416168212891,
		0.8288425803184509,
		0.8291255235671997,
		0.8291149735450745
	],
	"validation_loss_records": [
		1.8603538274765015,
		1.8599910736083984,
		1.8599624633789062,
		1.8599433898925781,
		1.860068678855896,
		1.8600200414657593,
		1.8599727153778076,
		1.8601716756820679,
		1.8600025177001953,
		1.8602241277694702,
		1.8602328300476074,
		1.8600058555603027,
		1.8599604368209839,
		1.8600128889083862,
		1.8602160215377808,
		1.85996413230896,
		1.8600244522094727,
		1.860108733177185,
		1.860090970993042,
		1.8601279258728027,
		1.8602224588394165,
		1.8600832223892212,
		1.860219955444336,
		1.8600637912750244,
		1.8601124286651611,
		1.8601961135864258,
		1.8599950075149536,
		1.8602023124694824,
		1.8599509000778198,
		1.8600611686706543,
		1.8600729703903198,
		1.8599556684494019,
		1.8604981899261475,
		1.8600491285324097,
		1.8601603507995605,
		1.859986662864685,
		1.860093593597412,
		1.86024010181427,
		1.8600019216537476,
		1.8602542877197266,
		1.8602274656295776,
		1.859930396080017,
		1.8600722551345825,
		1.8601362705230713,
		1.8600170612335205,
		1.8599475622177124,
		1.8601040840148926,
		1.860059380531311,
		1.8602190017700195,
		1.8601042032241821,
		1.860099196434021,
		1.8604273796081543,
		1.860133171081543,
		1.8599505424499512,
		1.8599436283111572,
		1.8599704504013062,
		1.8599443435668945,
		1.8600445985794067,
		1.860079288482666,
		1.8600528240203857,
		1.860201358795166,
		1.8600246906280518,
		1.8602561950683594,
		1.8602715730667114,
		1.860152006149292,
		1.8599109649658203,
		1.8599995374679565,
		1.8600194454193115,
		1.8600534200668335,
		1.8600038290023804,
		1.8600276708602905,
		1.859984278678894,
		1.8601292371749878,
		1.8602075576782227,
		1.8599148988723755,
		1.8603465557098389,
		1.8602086305618286,
		1.8601596355438232,
		1.8599480390548706,
		1.860247015953064,
		1.8599642515182495,
		1.85997474193573
	]
}