{
	"train_accuracy_records": [
		0.7156863212585449,
		0.8137255311012268,
		0.8333333730697632,
		0.8333333730697632,
		0.7843137383460999,
		0.8529412150382996,
		0.7647058963775635
	],
	"train_loss_records": [
		0.5772151947021484,
		0.41131526231765747,
		0.3950960636138916,
		0.4146828055381775,
		0.42611002922058105,
		0.32565024495124817,
		0.46366411447525024
	],
	"validation_acuuracy_records": [
		0.6666666666666666,
		0.6538461538461539,
		0.717948717948718,
		0.7435897435897436,
		0.7307692307692307,
		0.717948717948718,
		0.7435897435897436
	],
	"validation_loss_records": [
		0.5925875306129456,
		0.6325173377990723,
		0.5817102193832397,
		0.5504220724105835,
		0.588608980178833,
		0.5889625549316406,
		0.5794059634208679
	]
}