{
	"train_accuracy_records": [
		0.6960784792900085,
		0.8235294222831726,
		0.7058823704719543,
		0.7549020051956177,
		0.7941176891326904,
		0.7352941632270813,
		0.7254902124404907,
		0.7647058963775635,
		0.8039215803146362,
		0.843137264251709
	],
	"train_loss_records": [
		0.6334704160690308,
		0.49195757508277893,
		0.5510503649711609,
		0.5044096112251282,
		0.46201497316360474,
		0.504374623298645,
		0.6167585849761963,
		0.5789352059364319,
		0.4456767439842224,
		0.44658318161964417
	],
	"validation_acuuracy_records": [
		0.7051282051282052,
		0.6666666666666666,
		0.7435897435897436,
		0.7435897435897436,
		0.7564102564102564,
		0.7435897435897436,
		0.7051282051282052,
		0.7307692307692307,
		0.7307692307692307,
		0.7307692307692307
	],
	"validation_loss_records": [
		0.5755215287208557,
		0.5978744029998779,
		0.5489580035209656,
		0.546290397644043,
		0.5391672849655151,
		0.540104329586029,
		0.5652211308479309,
		0.5496314167976379,
		0.5537638068199158,
		0.5594395995140076
	]
}