{
	"train_accuracy_records": [
		0.891089141368866,
		0.8650137782096863,
		0.8735955357551575,
		0.851296067237854,
		0.8648276329040527,
		0.8581173419952393,
		0.8675034642219543,
		0.8521031141281128,
		0.8583450317382812,
		0.8489795923233032,
		0.8600823283195496,
		0.871612012386322,
		0.879603385925293,
		0.8353253602981567,
		0.8621169924736023,
		0.8663853406906128,
		0.874471127986908
	],
	"train_loss_records": [
		2.0392584800720215,
		2.069939374923706,
		2.0584473609924316,
		2.080246925354004,
		2.0667905807495117,
		2.0733754634857178,
		2.0647289752960205,
		2.081450939178467,
		2.0754592418670654,
		2.0847675800323486,
		2.070556640625,
		2.0620784759521484,
		2.053981065750122,
		2.095510721206665,
		2.070844888687134,
		2.067354202270508,
		2.057847499847412
	],
	"validation_acuuracy_records": [
		0.8682774746687452,
		0.8682774746687452,
		0.8682774746687452,
		0.8682774746687452,
		0.8682774746687452,
		0.8682774746687452,
		0.8682774746687452,
		0.8682774746687452,
		0.8682774746687452,
		0.8682774746687452,
		0.8682774746687452,
		0.8682774746687452,
		0.8682774746687452,
		0.8682774746687452,
		0.8682774746687452,
		0.8682774746687452,
		0.8682774746687452
	],
	"validation_loss_records": [
		2.0810484886169434,
		2.0632622241973877,
		2.062568426132202,
		2.0628395080566406,
		2.0623958110809326,
		2.0633342266082764,
		2.061793804168701,
		2.0632903575897217,
		2.063157081604004,
		2.0630297660827637,
		2.0628437995910645,
		2.062617778778076,
		2.0623226165771484,
		2.0625734329223633,
		2.0628156661987305,
		2.062605857849121,
		2.0623209476470947
	]
}